날짜,발전기명,01시,02시,03시,04시,05시,06시,07시,08시,09시,10시,11시,12시,13시,14시,15시,16시,17시,18시,19시,20시,21시,22시,23시,24시
2024-01-01,동해 바이오 연료저장고 지붕태양광,0,0,0,0,0,0,0,0,0,14463,44113,80271,177897,179343,219117,146078,41220,723,0,0,0,0,0,0
2024-01-02,동해 바이오 연료저장고 지붕태양광,0,0,0,0,0,0,0,5062,45559,88948,185852,206823,441126,417262,337715,136677,43389,723,0,0,0,0,0,0
2024-01-03,동해 바이오 연료저장고 지붕태양광,0,0,0,0,0,0,0,0,18079,57129,193083,308788,305896,471499,378935,180066,47005,1446,0,0,0,0,0,0
2024-01-04,동해 바이오 연료저장고 지붕태양광,0,0,0,0,0,0,0,1446,36881,144632,298664,410031,496809,506934,413646,200315,65807,1446,0,0,0,0,0,0
2024-01-05,동해 바이오 연료저장고 지붕태양광,0,0,0,0,0,0,0,723,31819,99073,279862,394844,444019,425217,326867,155479,47728,1446,0,0,0,0,0,0
2024-01-06,동해 바이오 연료저장고 지붕태양광,0,0,0,0,0,0,0,2169,37604,142462,297941,420155,503318,509103,422324,201761,67977,1446,0,0,0,0,0,0
2024-01-07,동해 바이오 연료저장고 지붕태양광,0,0,0,0,0,0,0,1446,36881,143908,308065,438234,524289,543092,452697,214055,76655,2169,0,0,0,0,0,0
2024-01-08,동해 바이오 연료저장고 지붕태양광,0,0,0,0,0,0,0,1446,37604,143908,281308,384720,515612,532967,449081,203207,75932,2893,0,0,0,0,0,0
2024-01-09,동해 바이오 연료저장고 지붕태양광,0,0,0,0,0,0,0,0,11571,21695,65084,184405,227072,214778,150417,74485,47728,1446,0,0,0,0,0,0
2024-01-10,동해 바이오 연료저장고 지붕태양광,0,0,0,0,0,0,0,0,47005,139569,269738,364472,403522,330483,190191,138123,40497,2169,0,0,0,0,0,0
2024-01-11,동해 바이오 연료저장고 지붕태양광,0,0,0,0,0,0,0,1446,41220,147524,292879,418708,489578,505487,446912,206100,78824,2893,0,0,0,0,0,0
2024-01-12,동해 바이오 연료저장고 지붕태양광,0,0,0,0,0,0,0,1446,38327,143908,299387,422324,493194,504764,424494,208269,80271,2893,0,0,0,0,0,0
2024-01-13,동해 바이오 연료저장고 지붕태양광,0,0,0,0,0,0,0,1446,36881,142462,300111,427386,509826,522843,451251,214778,83886,3616,0,0,0,0,0,0
2024-01-14,동해 바이오 연료저장고 지붕태양광,0,0,0,0,0,0,0,1446,35435,139569,284924,393398,387613,286371,187298,172835,62192,2893,0,0,0,0,0,0
2024-01-15,동해 바이오 연료저장고 지붕태양광,0,0,0,0,0,0,0,1446,41943,137400,262506,365918,493194,507657,441849,216947,90395,4339,0,0,0,0,0,0
2024-01-16,동해 바이오 연료저장고 지붕태양광,0,0,0,0,0,0,0,1446,37604,143185,304449,383997,506211,526459,473668,232857,95457,3616,0,0,0,0,0,0
2024-01-17,동해 바이오 연료저장고 지붕태양광,0,0,0,0,0,0,0,2169,19525,25311,40497,36881,23141,19525,28926,104858,48452,2169,0,0,0,0,0,0
2024-01-18,동해 바이오 연료저장고 지붕태양광,0,0,0,0,0,0,0,0,1446,34712,63638,88948,78101,8678,13740,14463,5062,0,0,0,0,0,0,0
2024-01-19,동해 바이오 연료저장고 지붕태양광,0,0,0,0,0,0,0,0,1446,12294,26034,38327,44113,37604,23864,25311,4339,0,0,0,0,0,0,0
2024-01-20,동해 바이오 연료저장고 지붕태양광,0,0,0,0,0,0,0,0,2169,13017,28203,42666,33988,34712,48452,18079,5785,0,0,0,0,0,0,0
2024-01-21,동해 바이오 연료저장고 지붕태양광,0,0,0,0,0,0,0,1446,24587,111366,170665,222009,263953,266122,226348,91841,45559,2169,0,0,0,0,0,0
2024-01-22,동해 바이오 연료저장고 지붕태양광,0,0,0,0,0,0,0,723,39774,122937,312404,412200,540199,554662,496809,263953,116428,11571,0,0,0,0,0,0
2024-01-23,동해 바이오 연료저장고 지붕태양광,0,0,0,0,0,0,0,2893,46282,135231,298664,475838,555385,579249,514888,271907,120044,10124,0,0,0,0,0,0
2024-01-24,동해 바이오 연료저장고 지붕태양광,0,0,0,0,0,0,0,2893,41943,155479,342054,482346,566956,591543,534414,291433,127999,9401,0,0,0,0,0,0
2024-01-25,동해 바이오 연료저장고 지붕태양광,0,0,0,0,0,0,0,2893,44836,160541,282032,423047,550323,574911,524289,289986,122937,9401,0,0,0,0,0,0
2024-01-26,동해 바이오 연료저장고 지붕태양광,0,0,0,0,0,0,0,3616,44836,162711,329037,452697,533691,558278,511996,289986,125829,11571,0,0,0,0,0,0
2024-01-27,동해 바이오 연료저장고 지붕태양광,0,0,0,0,0,0,0,3616,44836,164157,329760,451251,528628,551046,492471,289263,123660,12294,0,0,0,0,0,0
2024-01-28,동해 바이오 연료저장고 지붕태양광,0,0,0,0,0,0,0,2893,45559,160541,310235,434618,509826,533691,478731,282032,124383,13740,0,0,0,0,0,0
2024-01-29,동해 바이오 연료저장고 지붕태양광,0,0,0,0,0,0,0,3616,47728,169219,336268,457759,548154,566956,513442,305173,130892,13740,0,0,0,0,0,0
2024-01-30,동해 바이오 연료저장고 지붕태양광,0,0,0,0,0,0,0,5062,53514,166326,318913,444742,523566,527182,449804,262506,106304,18079,0,0,0,0,0,0
2024-01-31,동해 바이오 연료저장고 지붕태양광,0,0,0,0,0,0,0,4339,45559,151140,323252,441126,522843,543815,493917,300834,129445,17356,0,0,0,0,0,0
2024-02-01,동해 바이오 연료저장고 지붕태양광,0,0,0,0,0,0,0,1446,10124,18079,33265,20972,27480,15909,13740,4339,0,0,0,0,0,0,0,0
2024-02-02,동해 바이오 연료저장고 지붕태양광,0,0,0,0,0,0,0,0,0,723,5785,16633,36881,36158,62915,38327,15186,723,0,0,0,0,0,0
2024-02-03,동해 바이오 연료저장고 지붕태양광,0,0,0,0,0,0,0,1446,27480,61468,103412,78101,83886,111366,98349,51344,22418,723,0,0,0,0,0,0
2024-02-04,동해 바이오 연료저장고 지붕태양광,0,0,0,0,0,0,0,723,25311,61468,99796,129445,167773,151863,78824,104135,33988,2893,0,0,0,0,0,0
2024-02-05,동해 바이오 연료저장고 지붕태양광,0,0,0,0,0,0,0,0,2893,10124,22418,33265,52791,62192,48452,28203,15186,723,0,0,0,0,0,0
2024-02-06,동해 바이오 연료저장고 지붕태양광,0,0,0,0,0,0,0,0,5062,15186,87502,219840,299387,212608,151863,76655,34712,2893,0,0,0,0,0,0
2024-02-07,동해 바이오 연료저장고 지붕태양광,0,0,0,0,0,0,0,4339,33988,176451,193806,334822,349285,430279,214778,115705,80271,16633,0,0,0,0,0,0
2024-02-08,동해 바이오 연료저장고 지붕태양광,0,0,0,0,0,0,0,6508,62192,193083,363025,488855,561894,580696,538753,373873,159095,31819,0,0,0,0,0,0
2024-02-09,동해 바이오 연료저장고 지붕태양광,0,0,0,0,0,0,0,7232,73762,195253,353624,483793,556832,576357,522120,362302,153309,26757,0,0,0,0,0,0
2024-02-10,동해 바이오 연료저장고 지붕태양광,0,0,0,0,0,0,0,9401,75932,184405,331929,450527,488855,240088,465714,330483,133784,23864,0,0,0,0,0,0
2024-02-11,동해 바이오 연료저장고 지붕태양광,0,0,0,0,0,0,0,8678,65807,209716,399906,326144,143185,127999,225625,260337,171388,30373,0,0,0,0,0,0
2024-02-12,동해 바이오 연료저장고 지붕태양광,0,0,0,0,0,0,0,10124,70146,211885,383274,511273,596605,619746,578526,421601,181513,34712,0,0,0,0,0,0
2024-02-13,동해 바이오 연료저장고 지붕태양광,0,0,0,0,0,0,0,11571,78101,199592,353624,485239,565509,593713,563340,410754,173558,35435,0,0,0,0,0,0
2024-02-14,동해 바이오 연료저장고 지붕태양광,0,0,0,0,0,0,0,3616,91841,287817,344223,365195,373149,206100,149694,319636,167049,27480,0,0,0,0,0,0
2024-02-15,동해 바이오 연료저장고 지붕태양광,0,0,0,0,0,0,0,0,3616,11571,23141,18079,10847,2169,1446,723,723,0,0,0,0,0,0,0
2024-02-16,동해 바이오 연료저장고 지붕태양광,0,0,0,0,0,0,0,0,7955,40497,218394,408584,493194,529352,531521,448358,201038,41943,0,0,0,0,0,0
2024-02-17,동해 바이오 연료저장고 지붕태양광,0,0,0,0,0,0,0,12294,79547,233580,411477,538753,622639,648673,616854,479454,205377,46282,0,0,0,0,0,0
2024-02-18,동해 바이오 연료저장고 지붕태양광,0,0,0,0,0,0,0,12294,76655,237919,411477,444019,423047,329037,420155,367364,87502,16633,0,0,0,0,0,0
2024-02-19,동해 바이오 연료저장고 지붕태양광,0,0,0,0,0,0,0,5062,5785,18079,52791,150417,224902,330483,498979,96903,47728,7955,0,0,0,0,0,0
2024-02-20,동해 바이오 연료저장고 지붕태양광,0,0,0,0,0,0,0,0,8678,16633,31819,33265,26034,29649,36881,19525,9401,2169,0,0,0,0,0,0
2024-02-21,동해 바이오 연료저장고 지붕태양광,0,0,0,0,0,0,0,0,10124,36881,82440,94734,62915,70869,67977,40497,24587,2893,0,0,0,0,0,0
2024-02-22,동해 바이오 연료저장고 지붕태양광,0,0,0,0,0,0,0,0,0,723,1446,0,723,723,0,0,0,0,0,0,0,0,0,0
2024-02-23,동해 바이오 연료저장고 지붕태양광,0,0,0,0,0,0,0,0,0,0,0,3616,723,1446,0,0,0,0,0,0,0,0,0,0
2024-02-24,동해 바이오 연료저장고 지붕태양광,0,0,0,0,0,0,0,0,0,0,1446,2169,2893,6508,13740,8678,2169,0,0,0,0,0,0,0
2024-02-25,동해 바이오 연료저장고 지붕태양광,0,0,0,0,0,0,0,0,1446,25311,59299,154033,256721,214778,110643,54960,16633,5062,0,0,0,0,0,0
2024-02-26,동해 바이오 연료저장고 지붕태양광,0,0,0,0,0,0,0,28203,143185,279139,234303,222009,487408,389782,235026,127999,84609,32542,723,0,0,0,0,0
2024-02-27,동해 바이오 연료저장고 지붕태양광,0,0,0,0,0,0,0,2169,51344,172112,148971,110643,167773,256721,224902,166326,141016,49898,723,0,0,0,0,0
2024-02-28,동해 바이오 연료저장고 지붕태양광,0,0,0,0,0,0,0,24587,102688,259614,376765,459928,483069,533691,459928,300834,154756,42666,0,0,0,0,0,0
2024-02-29,동해 바이오 연료저장고 지붕태양광,0,0,0,0,0,0,0,24587,88225,130892,106304,146078,198868,170665,138123,96903,60022,20248,0,0,0,0,0,0
2024-03-01,동해 바이오 연료저장고 지붕태양광,0,0,0,0,0,0,0,15186,109197,285647,465714,604560,681215,708695,668921,553939,263953,80271,2169,0,0,0,0,0
2024-03-02,동해 바이오 연료저장고 지붕태양광,0,0,0,0,0,0,0,26034,113536,284201,452697,581419,444019,451974,597328,336268,171388,48452,723,0,0,0,0,0
2024-03-03,동해 바이오 연료저장고 지붕태양광,0,0,0,0,0,0,723,33265,120044,271907,431725,533691,467160,354347,279139,210439,70146,14463,0,0,0,0,0,0
2024-03-04,동해 바이오 연료저장고 지붕태양광,0,0,0,0,0,0,0,34712,125829,275523,442573,566233,635656,639272,611792,378935,201761,62192,1446,0,0,0,0,0
2024-03-05,동해 바이오 연료저장고 지붕태양광,0,0,0,0,0,0,0,12294,33265,95457,148247,212608,155479,197422,97626,80271,15186,9401,0,0,0,0,0,0
2024-03-06,동해 바이오 연료저장고 지붕태양광,0,0,0,0,0,0,0,3616,39774,109920,214778,107751,108474,101242,86779,51344,39774,10847,0,0,0,0,0,0
2024-03-07,동해 바이오 연료저장고 지붕태양광,0,0,0,0,0,0,0,26757,91841,147524,158372,169942,231411,152586,159818,120044,195253,63638,2893,0,0,0,0,0
2024-03-08,동해 바이오 연료저장고 지붕태양광,0,0,0,0,0,0,723,33265,134507,308065,478007,589374,683384,705802,586481,407138,254552,85333,2893,0,0,0,0,0
2024-03-09,동해 바이오 연료저장고 지붕태양광,0,0,0,0,0,0,723,36158,139569,317466,489578,614684,688446,706525,670367,558278,296495,94011,4339,0,0,0,0,0
2024-03-10,동해 바이오 연료저장고 지붕태양광,0,0,0,0,0,0,1446,37604,140293,316743,485962,613961,681215,704356,665305,549600,297218,94734,4339,0,0,0,0,0
2024-03-11,동해 바이오 연료저장고 지붕태양광,0,0,0,0,0,0,0,40497,140293,253105,295772,302280,261783,219840,150417,122214,87502,73039,9401,0,0,0,0,0
2024-03-12,동해 바이오 연료저장고 지붕태양광,0,0,0,0,0,0,0,18802,35435,32542,47728,101242,85333,101242,278416,186575,181513,60745,4339,0,0,0,0,0
2024-03-13,동해 바이오 연료저장고 지붕태양광,0,0,0,0,0,0,2893,54237,154756,316743,484516,611792,678322,696401,658797,550323,317466,102688,5062,0,0,0,0,0
2024-03-14,동해 바이오 연료저장고 지붕태양광,0,0,0,0,0,0,2169,44836,150417,316020,478731,600221,675429,689893,647226,535137,309512,106304,5785,0,0,0,0,0
2024-03-15,동해 바이오 연료저장고 지붕태양광,0,0,0,0,0,0,2169,46282,154033,318189,469329,566956,625532,657351,616131,506211,289263,98349,6508,0,0,0,0,0
2024-03-16,동해 바이오 연료저장고 지붕태양광,0,0,0,0,0,0,2893,53514,155479,300834,448358,568402,634209,668198,627701,459928,254552,101965,12294,0,0,0,0,0
2024-03-17,동해 바이오 연료저장고 지붕태양광,0,0,0,0,0,0,723,69423,215501,335545,360133,415816,569848,553939,370980,300111,237196,88948,6508,0,0,0,0,0
2024-03-18,동해 바이오 연료저장고 지붕태양광,0,0,0,0,0,0,4339,51344,165603,336992,502595,619746,683384,695678,655181,542368,317466,104135,7232,0,0,0,0,0
2024-03-19,동해 바이오 연료저장고 지붕태양광,0,0,0,0,0,0,1446,38327,99073,294325,461375,518504,201761,386889,460652,255275,43389,39051,8678,0,0,0,0,0
2024-03-20,동해 바이오 연료저장고 지붕태양광,0,0,0,0,0,0,0,0,0,723,12294,48452,60022,135231,256721,107751,90395,46282,4339,0,0,0,0,0
2024-03-21,동해 바이오 연료저장고 지붕태양광,0,0,0,0,0,0,2893,40497,117875,242981,390505,483793,551046,541645,554662,339884,93287,61468,5785,0,0,0,0,0
2024-03-22,동해 바이오 연료저장고 지붕태양광,0,0,0,0,0,0,2893,56406,176451,232857,338438,509826,705079,709418,639995,407861,94011,50621,2169,0,0,0,0,0
2024-03-23,동해 바이오 연료저장고 지붕태양광,0,0,0,0,0,0,4339,60022,135954,170665,238642,255998,305896,232857,366641,564786,329760,106304,10847,0,0,0,0,0
2024-03-24,동해 바이오 연료저장고 지붕태양광,0,0,0,0,0,0,5785,45559,92564,240088,380381,577803,626255,674706,691339,569125,304449,44113,2169,0,0,0,0,0
2024-03-25,동해 바이오 연료저장고 지붕태양광,0,0,0,0,0,0,1446,26034,64361,33265,31819,107027,65084,102688,108474,23864,15186,13017,5062,0,0,0,0,0
2024-03-26,동해 바이오 연료저장고 지붕태양광,0,0,0,0,0,0,1446,5062,49175,112813,110643,177174,240812,170665,186575,276969,153309,96903,15186,0,0,0,0,0
2024-03-27,동해 바이오 연료저장고 지붕태양광,0,0,0,0,0,0,15909,78824,207546,379658,527905,635656,687000,671091,548154,425217,260337,96180,8678,0,0,0,0,0
2024-03-28,동해 바이오 연료저장고 지붕태양광,0,0,0,0,0,0,2169,18802,41220,37604,41220,88948,170665,230687,203207,109197,68700,23864,1446,0,0,0,0,0
2024-03-29,동해 바이오 연료저장고 지붕태양광,0,0,0,0,0,0,13017,65084,207546,357963,473668,522120,691339,633486,614684,516335,361579,144632,17356,0,0,0,0,0
2024-03-30,동해 바이오 연료저장고 지붕태양광,0,0,0,0,0,0,13740,74485,204654,386889,511273,643611,674706,700017,656627,564063,389782,114982,15186,0,0,0,0,0
2024-03-31,동해 바이오 연료저장고 지붕태양광,0,0,0,0,0,0,13740,73762,221286,388336,543815,651565,704356,705802,645057,343500,190914,94011,12294,0,0,0,0,0
2024-04-01,동해 바이오 연료저장고 지붕태양광,0,0,0,0,0,0,15186,74485,216947,392675,549600,656627,704356,717373,674706,575634,389059,130168,17356,0,0,0,0,0
2024-04-02,동해 바이오 연료저장고 지붕태양광,0,0,0,0,0,0,18802,86056,214055,363748,530798,643611,713034,692062,663859,576357,403522,137400,12294,0,0,0,0,0
2024-04-03,동해 바이오 연료저장고 지붕태양광,0,0,0,0,0,0,723,10847,24587,57129,57853,84609,111366,93287,59299,62915,36158,14463,723,0,0,0,0,0
2024-04-04,동해 바이오 연료저장고 지붕태양광,0,0,0,0,0,0,10847,88225,184405,256721,276969,276246,323975,455589,396291,314574,216947,76655,12294,0,0,0,0,0
2024-04-05,동해 바이오 연료저장고 지붕태양광,0,0,0,0,0,0,15909,96180,234303,410031,425940,591543,731836,639272,677599,592989,352178,128722,22418,0,0,0,0,0
2024-04-06,동해 바이오 연료저장고 지붕태양광,0,0,0,0,0,0,20972,94734,235749,393398,435341,501148,622639,569848,573464,387613,373149,128722,38327,0,0,0,0,0
2024-04-07,동해 바이오 연료저장고 지붕태양광,0,0,0,0,0,0,23864,88225,241535,412923,559724,655904,705079,718819,684107,587927,407138,141739,19525,0,0,0,0,0
2024-04-08,동해 바이오 연료저장고 지붕태양광,0,0,0,0,0,0,23864,93287,223456,301557,462098,523566,615407,586481,420878,269015,125829,50621,7232,0,0,0,0,0
2024-04-09,동해 바이오 연료저장고 지붕태양광,0,0,0,0,0,0,18802,96180,244427,424494,564786,631317,771609,773779,731113,631317,453420,169942,27480,0,0,0,0,0
2024-04-10,동해 바이오 연료저장고 지붕태양광,0,0,0,0,0,0,26034,107751,240812,396291,542368,620469,660966,626255,593713,398460,222733,92564,15186,0,0,0,0,0
2024-04-11,동해 바이오 연료저장고 지붕태양광,0,0,0,0,0,0,19525,84609,151140,177174,235749,274077,273354,425217,356517,395567,258167,157648,14463,0,0,0,0,0
2024-04-12,동해 바이오 연료저장고 지붕태양광,0,0,0,0,0,0,26757,98349,240088,402799,541645,631317,684107,700017,653012,563340,399906,154033,26757,0,0,0,0,0
2024-04-13,동해 바이오 연료저장고 지붕태양광,0,0,0,0,0,0,25311,98349,238642,405692,509826,627701,679768,693508,651565,538753,383274,151140,26034,0,0,0,0,0
2024-04-14,동해 바이오 연료저장고 지붕태양광,0,0,0,0,0,0,29649,99796,242258,404968,543092,642164,690616,696401,679768,590820,420155,154756,27480,0,0,0,0,0
2024-04-15,동해 바이오 연료저장고 지붕태양광,0,0,0,0,0,0,28926,83886,92564,156202,118598,77378,66531,86779,83886,77378,127999,187298,23864,0,0,0,0,0
2024-04-16,동해 바이오 연료저장고 지붕태양광,0,0,0,0,0,0,18802,70869,201038,339884,210439,413646,692062,683384,612515,425940,345669,159818,28203,0,0,0,0,0
2024-04-17,동해 바이오 연료저장고 지붕태양광,0,0,0,0,0,723,35435,122214,252382,383274,513442,621193,673983,678322,615407,519951,349285,158372,32542,0,0,0,0,0
2024-04-18,동해 바이오 연료저장고 지붕태양광,0,0,0,0,0,723,36158,120044,257444,414369,552493,652288,705802,705079,651565,553216,385443,160541,31819,0,0,0,0,0
2024-04-19,동해 바이오 연료저장고 지붕태양광,0,0,0,0,0,0,31096,110643,258891,408584,530075,629871,685554,663859,657351,551046,390505,148971,28203,0,0,0,0,0
2024-04-20,동해 바이오 연료저장고 지붕태양광,0,0,0,0,0,0,7232,39774,63638,68700,116428,94011,185128,178620,151140,108474,53514,18079,2893,0,0,0,0,0
2024-04-21,동해 바이오 연료저장고 지붕태양광,0,0,0,0,0,0,723,9401,47005,67977,105581,216224,331206,311681,200315,203931,56406,21695,5062,0,0,0,0,0
2024-04-22,동해 바이오 연료저장고 지붕태양광,0,0,0,0,0,0,15909,71593,174281,318189,392675,602391,587204,584312,505487,467883,361579,240088,28203,0,0,0,0,0
2024-04-23,동해 바이오 연료저장고 지붕태양광,0,0,0,0,0,0,13740,86056,130168,324698,549600,530798,692785,493194,574911,354347,222009,58576,10847,0,0,0,0,0
2024-04-24,동해 바이오 연료저장고 지붕태양광,0,0,0,0,0,0,10847,45559,60022,125106,118598,220563,461375,169942,144632,114259,128722,43389,17356,0,0,0,0,0
2024-04-25,동해 바이오 연료저장고 지붕태양광,0,0,0,0,0,1446,49175,142462,272631,411477,527182,632040,681215,694232,663859,590820,446188,221286,46282,0,0,0,0,0
2024-04-26,동해 바이오 연료저장고 지붕태양광,0,0,0,0,0,1446,49175,133061,261783,359409,444019,545984,520674,525013,497533,492471,364472,216224,43389,0,0,0,0,0
2024-04-27,동해 바이오 연료저장고 지붕태양광,0,0,0,0,0,2169,44113,130168,280585,427386,559724,652288,698571,705802,654458,553216,412923,200315,41943,723,0,0,0,0
2024-04-28,동해 바이오 연료저장고 지붕태양광,0,0,0,0,0,1446,41943,130168,287094,429556,525013,640718,724604,661689,632040,381827,417985,198868,40497,0,0,0,0,0
2024-04-29,동해 바이오 연료저장고 지붕태양광,0,0,0,0,0,0,6508,18802,44836,68700,75932,92564,94011,96903,93287,226348,123660,97626,40497,0,0,0,0,0
2024-04-30,동해 바이오 연료저장고 지붕태양광,0,0,0,0,0,5062,47728,144632,302280,416539,365918,297218,232857,104135,68700,38327,30373,3616,0,0,0,0,0,0
2024-05-01,동해 바이오 연료저장고 지붕태양광,0,0,0,0,0,2893,49898,147524,266122,435341,592989,687000,723881,713757,627701,533691,380381,245874,41943,1446,0,0,0,0
2024-05-02,동해 바이오 연료저장고 지붕태양광,0,0,0,0,0,2893,42666,135954,303003,457759,594436,690616,734728,743406,700017,610345,455589,237196,51344,723,0,0,0,0
2024-05-03,동해 바이오 연료저장고 지붕태양광,0,0,0,0,0,3616,44113,138123,300834,460652,594436,679045,729666,736175,705079,626255,481623,249489,54237,1446,0,0,0,0
2024-05-04,동해 바이오 연료저장고 지붕태양광,0,0,0,0,0,3616,46282,138846,300834,458482,582865,669644,703633,683384,691339,536583,310958,225625,57129,723,0,0,0,0
2024-05-05,동해 바이오 연료저장고 지붕태양광,0,0,0,0,0,0,36881,93287,30373,72316,104858,104135,119321,87502,101242,70869,44113,26034,7232,0,0,0,0,0
2024-05-06,동해 바이오 연료저장고 지붕태양광,0,0,0,0,0,0,71593,125106,288540,296495,401353,647226,545261,727497,793304,501148,301557,237919,56406,723,0,0,0,0
2024-05-07,동해 바이오 연료저장고 지붕태양광,0,0,0,0,0,0,7232,31096,49175,75208,134507,162711,179343,211162,158372,105581,62192,25311,723,0,0,0,0,0
2024-05-08,동해 바이오 연료저장고 지붕태양광,0,0,0,0,0,6508,56406,160541,331929,335545,285647,677599,778118,781011,740514,655904,518504,295772,69423,2169,0,0,0,0
2024-05-09,동해 바이오 연료저장고 지붕태양광,0,0,0,0,0,5062,50621,151863,318913,470776,570572,616854,705079,700740,621916,539476,439680,237196,60022,1446,0,0,0,0
2024-05-10,동해 바이오 연료저장고 지붕태양광,0,0,0,0,0,7955,50621,151863,300834,453420,529352,632040,710864,705802,637825,589374,479454,173558,19525,0,0,0,0,0
2024-05-11,동해 바이오 연료저장고 지붕태양광,0,0,0,0,0,5785,72316,201761,342054,480177,585035,375319,172835,198868,600221,350732,250213,196699,96903,2169,0,0,0,0
2024-05-12,동해 바이오 연료저장고 지붕태양광,0,0,0,0,0,4339,48452,152586,332653,460652,543815,630594,720265,699294,643611,502595,459928,219117,63638,2893,0,0,0,0
2024-05-13,동해 바이오 연료저장고 지붕태양광,0,0,0,0,0,7232,53514,159818,330483,491024,621916,710141,754977,762932,718096,630594,498256,293602,70869,2169,0,0,0,0
2024-05-14,동해 바이오 연료저장고 지붕태양광,0,0,0,0,0,7232,57129,164880,320359,470053,599498,686277,731836,732559,692062,605283,485239,284201,70869,2893,0,0,0,0
2024-05-15,동해 바이오 연료저장고 지붕태양광,0,0,0,0,0,7955,56406,158372,325421,477284,592266,691339,743406,384720,47005,22418,18802,5062,723,0,0,0,0,0
2024-05-16,동해 바이오 연료저장고 지붕태양광,0,0,0,0,0,0,3616,91118,214055,242258,499702,364472,536583,633486,780287,669644,483069,228518,35435,3616,0,0,0,0
2024-05-17,동해 바이오 연료저장고 지붕태양광,0,0,0,0,0,9401,63638,170665,319636,384720,600944,739791,710864,684107,653735,598775,492471,121491,72316,2893,0,0,0,0
2024-05-18,동해 바이오 연료저장고 지붕태양광,0,0,0,0,0,9401,58576,164157,327591,475838,592266,687000,728943,734728,691339,602391,461375,279139,70869,3616,0,0,0,0
2024-05-19,동해 바이오 연료저장고 지붕태양광,0,0,0,0,0,10124,60745,161264,316743,463544,439680,0,0,0,436064,625532,478731,276246,73762,2893,0,0,0,0
2024-05-20,동해 바이오 연료저장고 지붕태양광,0,0,0,0,0,7232,49898,70146,39051,80271,172835,222733,455589,270461,173558,125829,95457,76655,16633,723,0,0,0,0
2024-05-21,동해 바이오 연료저장고 지붕태양광,0,0,0,0,0,723,18802,66531,133061,183682,255275,364472,565509,674706,673983,577080,326867,244427,82440,4339,0,0,0,0
2024-05-22,동해 바이오 연료저장고 지붕태양광,0,0,0,0,0,10847,59299,175727,356517,503318,596605,689169,735452,744853,643611,585035,465714,272631,86056,6508,0,0,0,0
2024-05-23,동해 바이오 연료저장고 지붕태양광,0,0,0,0,0,15909,57853,143908,323975,459928,579973,668921,713034,722435,683384,598775,472945,287817,81717,4339,0,0,0,0
2024-05-24,동해 바이오 연료저장고 지붕태양광,0,0,0,0,0,723,15186,37604,84609,90395,125106,182236,312404,242258,196699,149694,110643,39774,11571,0,0,0,0,0
2024-05-25,동해 바이오 연료저장고 지붕태양광,0,0,0,0,0,15186,73039,130168,153309,129445,164157,437511,624085,698571,600221,563340,490301,274800,49175,5062,0,0,0,0
2024-05-26,동해 바이오 연료저장고 지붕태양광,0,0,0,0,0,10124,77378,162711,258891,279862,337715,357963,480900,513442,352178,289986,89672,18079,5785,723,0,0,0,0
2024-05-27,동해 바이오 연료저장고 지붕태양광,0,0,0,0,0,10847,58576,167049,338438,437511,470053,369534,454866,511996,674706,491747,389782,237919,82440,2893,0,0,0,0
2024-05-28,동해 바이오 연료저장고 지붕태양광,0,0,0,0,0,15909,59299,94734,115705,124383,241535,336992,625532,707248,759316,653012,522120,344946,99796,6508,0,0,0,0
2024-05-29,동해 바이오 연료저장고 지붕태양광,0,0,0,0,0,10847,63638,172835,329037,478731,600221,681938,716649,719542,677599,506934,313851,262506,89672,6508,0,0,0,0
2024-05-30,동해 바이오 연료저장고 지붕태양광,0,0,0,0,0,13017,80994,156925,221286,250936,438234,579973,430279,270461,338438,161987,80994,78824,10847,0,0,0,0,0
2024-05-31,동해 바이오 연료저장고 지붕태양광,0,0,0,0,0,11571,88225,160541,326144,481623,574187,679768,713757,715926,681215,594436,457036,255275,88948,5785,0,0,0,0
2024-06-01,동해 바이오 연료저장고 지붕태양광,0,0,0,0,0,14463,88948,137400,244427,392675,349285,123660,60022,139569,175727,74485,63638,89672,45559,5062,0,0,0,0
2024-06-02,동해 바이오 연료저장고 지붕태양광,0,0,0,0,0,11571,64361,187298,354347,370980,471499,541645,543092,503318,409307,304449,286371,119321,53514,4339,0,0,0,0
2024-06-03,동해 바이오 연료저장고 지붕태양광,0,0,0,0,0,12294,77378,170665,338438,487408,611068,697847,749915,760762,722435,655904,530075,345669,107027,8678,0,0,0,0
2024-06-04,동해 바이오 연료저장고 지붕태양광,0,0,0,0,0,12294,60745,177897,344223,493194,619746,705802,753531,757869,726051,645057,518504,341331,111366,8678,0,0,0,0
2024-06-05,동해 바이오 연료저장고 지붕태양광,0,0,0,0,0,13017,60745,170665,329760,480177,603114,688446,731836,708695,675429,554662,353624,199592,51344,3616,0,0,0,0
2024-06-06,동해 바이오 연료저장고 지붕태양광,0,0,0,0,0,13740,96180,182959,329037,314574,594436,629871,610345,645057,634933,636379,469329,305896,104858,9401,0,0,0,0
2024-06-07,동해 바이오 연료저장고 지붕태양광,0,0,0,0,0,19525,73762,178620,330483,446188,476561,595159,626978,684107,464991,306619,372426,156202,72316,3616,0,0,0,0
2024-06-08,동해 바이오 연료저장고 지붕태양광,0,0,0,0,0,3616,29649,109197,203931,228518,268292,172112,180789,145355,127276,82440,134507,183682,117875,5062,0,0,0,0
2024-06-09,동해 바이오 연료저장고 지붕태양광,0,0,0,0,0,17356,84609,168496,304449,369534,562617,681215,720988,719542,625532,514888,436064,293602,114982,10847,0,0,0,0
2024-06-10,동해 바이오 연료저장고 지붕태양광,0,0,0,0,0,13740,75208,176451,312404,456313,569848,650842,689169,686277,656627,572018,450527,262506,98349,10124,0,0,0,0
2024-06-11,동해 바이오 연료저장고 지붕태양광,0,0,0,0,0,8678,63638,167049,313127,449081,551769,638548,681215,683384,645057,564063,427386,269015,83886,12294,0,0,0,0
2024-06-12,동해 바이오 연료저장고 지붕태양광,0,0,0,0,0,10847,59299,169942,321805,453420,569125,650119,693508,691339,658074,582142,438234,228518,67977,4339,0,0,0,0
2024-06-13,동해 바이오 연료저장고 지붕태양광,0,0,0,0,0,15909,90395,175004,291433,428833,548154,633486,698571,709418,621916,526459,491024,275523,82440,12294,0,0,0,0
2024-06-14,동해 바이오 연료저장고 지붕태양광,0,0,0,0,0,13017,65084,166326,309512,444019,555385,583588,613961,537306,546707,457036,289263,190914,120767,7955,0,0,0,0
2024-06-15,동해 바이오 연료저장고 지붕태양광,0,0,0,0,0,723,5062,49175,195976,172835,373149,356517,433895,50621,39051,43389,49175,39051,22418,1446,0,0,0,0
2024-06-16,동해 바이오 연료저장고 지붕태양광,0,0,0,0,0,11571,60022,164880,329037,480177,567679,677599,713034,718096,686277,559001,464267,224902,101965,12294,0,0,0,0
2024-06-17,동해 바이오 연료저장고 지붕태양광,0,0,0,0,0,12294,58576,179343,300834,475115,530075,537306,621916,595882,425217,318189,305896,282755,74485,6508,0,0,0,0
2024-06-18,동해 바이오 연료저장고 지붕태양광,0,0,0,0,0,11571,60022,163434,311681,443296,564786,645780,684831,690616,653735,572741,447635,282755,106304,10847,0,0,0,0
2024-06-19,동해 바이오 연료저장고 지붕태양광,0,0,0,0,0,11571,57853,160541,310235,451974,564786,610345,669644,689169,662413,579249,457036,294325,104858,10124,0,0,0,0
2024-06-20,동해 바이오 연료저장고 지붕태양광,0,0,0,0,0,15186,62915,160541,303726,438957,562617,574187,582142,444742,516335,470053,425940,209716,65807,10124,0,0,0,0
2024-06-21,동해 바이오 연료저장고 지붕태양광,0,0,0,0,0,11571,71593,173558,320359,462098,585758,661689,695678,687000,660966,532967,340607,295048,98349,10124,0,0,0,0
2024-06-22,동해 바이오 연료저장고 지붕태양광,0,0,0,0,0,5785,24587,76655,161987,144632,100519,78101,87502,79547,86056,38327,19525,9401,7232,2169,0,0,0,0
2024-06-23,동해 바이오 연료저장고 지붕태양광,0,0,0,0,0,723,10124,36881,55683,122937,224902,322528,307342,261783,237196,360856,351455,304449,116428,9401,0,0,0,0
2024-06-24,동해 바이오 연료저장고 지붕태양광,0,0,0,0,0,13017,62192,156202,305896,456313,539476,635656,688446,681215,645780,552493,432448,292879,101965,20248,0,0,0,0
2024-06-25,동해 바이오 연료저장고 지붕태양광,0,0,0,0,0,17356,77378,200315,323975,458482,621916,627701,438234,555385,384720,350732,438234,252382,85333,13740,0,0,0,0
2024-06-26,동해 바이오 연료저장고 지붕태양광,0,0,0,0,0,13017,55683,163434,318913,439680,559001,634933,668198,719542,694955,619746,479454,326867,122937,12294,0,0,0,0
2024-06-27,동해 바이오 연료저장고 지붕태양광,0,0,0,0,0,10124,54960,159095,317466,431002,472222,514888,467883,394121,335545,364472,234303,161987,83163,25311,0,0,0,0
2024-06-28,동해 바이오 연료저장고 지붕태양광,0,0,0,0,0,16633,62915,159095,309512,464267,579249,699294,677599,728220,687723,620469,504764,336268,122937,11571,0,0,0,0
2024-06-29,동해 바이오 연료저장고 지붕태양광,0,0,0,0,0,9401,52791,151863,305896,441126,541645,569848,637825,628424,666752,466437,321082,150417,25311,2169,0,0,0,0
2024-06-30,동해 바이오 연료저장고 지붕태양광,0,0,0,0,0,4339,32542,83163,77378,141016,127999,231411,319636,230687,300111,303726,498256,131615,32542,2893,0,0,0,0
2024-07-01,동해 바이오 연료저장고 지붕태양광,0,0,0,0,0,9401,52067,151140,309512,452697,572741,650842,693508,698571,671091,597328,431002,131615,51344,9401,0,0,0,0
2024-07-02,동해 바이오 연료저장고 지붕태양광,0,0,0,0,0,2893,28926,44836,36158,20972,57853,48452,75208,34712,40497,30373,24587,13740,5062,0,0,0,0,0
2024-07-03,동해 바이오 연료저장고 지붕태양광,0,0,0,0,0,0,15186,70869,138123,232134,449804,441126,332653,241535,203207,167049,138123,96903,67977,35435,0,0,0,0
2024-07-04,동해 바이오 연료저장고 지붕태양광,0,0,0,0,0,45559,138846,227795,391228,250213,233580,610345,669644,676876,641441,577080,464991,235749,64361,3616,0,0,0,0
2024-07-05,동해 바이오 연료저장고 지붕태양광,0,0,0,0,0,15186,55683,163434,321082,467883,589374,615407,574187,697124,443296,512719,341331,132338,58576,6508,0,0,0,0
2024-07-06,동해 바이오 연료저장고 지붕태양광,0,0,0,0,0,2893,12294,122214,161987,242981,199592,445465,472222,313851,192360,155479,82440,73762,116428,17356,0,0,0,0
2024-07-07,동해 바이오 연료저장고 지붕태양광,0,0,0,0,0,7955,54960,40497,20972,44836,158372,166326,170665,339161,292879,163434,84609,80271,31096,723,0,0,0,0
2024-07-08,동해 바이오 연료저장고 지붕태양광,0,0,0,0,0,0,8678,24587,47005,47005,58576,91118,178620,91118,75932,36158,49898,27480,5062,1446,0,0,0,0
2024-07-09,동해 바이오 연료저장고 지붕태양광,0,0,0,0,0,4339,43389,55683,168496,310958,345669,360133,203207,99073,83886,52067,55683,23864,5062,1446,0,0,0,0
2024-07-10,동해 바이오 연료저장고 지붕태양광,0,0,0,0,0,0,5062,16633,109920,378212,487408,643611,681215,648673,613238,500425,240088,44113,20248,5062,0,0,0,0
2024-07-11,동해 바이오 연료저장고 지붕태양광,0,0,0,0,0,7955,54237,146078,296495,441126,561171,647226,689169,576357,645780,506934,412200,254552,53514,8678,0,0,0,0
2024-07-12,동해 바이오 연료저장고 지붕태양광,0,0,0,0,0,7232,64361,146801,265399,379658,480900,569848,611792,600944,561171,480900,335545,166326,26757,5785,0,0,0,0
2024-07-13,동해 바이오 연료저장고 지붕태양광,0,0,0,0,0,1446,32542,127276,172835,203207,259614,430279,621193,615407,558278,419432,361579,222733,52067,2169,0,0,0,0
2024-07-14,동해 바이오 연료저장고 지붕태양광,0,0,0,0,0,0,1446,10847,23141,56406,49898,63638,86056,127999,124383,207546,143908,83886,36158,723,0,0,0,0
2024-07-15,동해 바이오 연료저장고 지붕태양광,0,0,0,0,0,0,15186,45559,60022,148247,156925,127276,141739,258891,222733,198145,180789,89672,35435,4339,0,0,0,0
2024-07-16,동해 바이오 연료저장고 지붕태양광,0,0,0,0,0,0,13017,71593,190914,397737,398460,513442,543092,485239,666752,331929,144632,90395,29649,0,0,0,0,0
2024-07-17,동해 바이오 연료저장고 지붕태양광,0,0,0,0,0,723,15186,40497,67254,40497,49898,106304,75932,127276,266122,251659,210439,105581,35435,1446,0,0,0,0
2024-07-18,동해 바이오 연료저장고 지붕태양광,0,0,0,0,0,0,7232,18079,37604,42666,54237,41220,64361,92564,61468,49175,12294,88948,15909,1446,0,0,0,0
2024-07-19,동해 바이오 연료저장고 지붕태양광,0,0,0,0,0,9401,52067,153309,285647,437511,557555,632763,533691,469329,425217,223456,200315,304449,80994,6508,0,0,0,0
2024-07-20,동해 바이오 연료저장고 지붕태양광,0,0,0,0,0,2169,40497,124383,315297,357963,177174,111366,169942,263229,412923,89672,40497,94011,67977,2893,0,0,0,0
2024-07-21,동해 바이오 연료저장고 지붕태양광,0,0,0,0,0,2169,19525,15909,33988,74485,201761,564786,336268,356517,514165,475838,388336,190914,91118,6508,0,0,0,0
2024-07-22,동해 바이오 연료저장고 지붕태양광,0,0,0,0,0,2893,62192,141016,145355,292156,172835,330483,201761,347116,364472,295772,244427,141739,40497,7232,0,0,0,0
2024-07-23,동해 바이오 연료저장고 지붕태양광,0,0,0,0,0,1446,18079,114982,191637,235749,286371,352901,402076,122214,87502,96903,118598,33265,13740,0,0,0,0,0
2024-07-24,동해 바이오 연료저장고 지붕태양광,0,0,0,0,0,13017,64361,33265,30373,35435,146801,585758,647226,513442,233580,232134,373873,271184,82440,7955,0,0,0,0
2024-07-25,동해 바이오 연료저장고 지붕태양광,0,0,0,0,0,9401,83163,82440,203931,360133,430279,444742,553216,645780,394121,329760,322528,253105,59299,2893,0,0,0,0
2024-07-26,동해 바이오 연료저장고 지붕태양광,0,0,0,0,0,1446,41943,106304,304449,428833,498979,553939,666752,637102,632763,547431,365195,208993,39774,0,0,0,0,0
2024-07-27,동해 바이오 연료저장고 지붕태양광,0,0,0,0,0,723,28203,42666,83886,102688,219117,165603,210439,208993,308065,323975,227072,49898,1446,0,0,0,0,0
2024-07-28,동해 바이오 연료저장고 지붕태양광,0,0,0,0,0,723,37604,87502,215501,342777,459928,516335,650842,684831,629871,525736,353624,153309,62192,5062,0,0,0,0
2024-07-29,동해 바이오 연료저장고 지붕태양광,0,0,0,0,0,2893,46282,143185,288540,446912,410754,394844,339884,406415,275523,390505,466437,336992,107027,6508,0,0,0,0
2024-07-30,동해 바이오 연료저장고 지붕태양광,0,0,0,0,0,2169,35435,123660,250213,378935,563340,522843,634209,343500,380381,525013,291433,200315,75208,3616,0,0,0,0
2024-07-31,동해 바이오 연료저장고 지붕태양광,0,0,0,0,0,1446,28926,107027,259614,404245,519951,611068,663859,679045,652288,582142,467160,288540,74485,2893,0,0,0,0
2024-08-01,동해 바이오 연료저장고 지붕태양광,0,0,0,0,0,1446,28926,104858,261783,399183,570572,315297,289263,271184,323975,413646,449081,208269,62915,2169,0,0,0,0
2024-08-02,동해 바이오 연료저장고 지붕태양광,0,0,0,0,0,1446,31819,110643,220563,352901,475838,585758,508380,594436,378935,445465,303726,87502,18802,0,0,0,0,0
2024-08-03,동해 바이오 연료저장고 지붕태양광,0,0,0,0,0,4339,46282,126553,194529,362302,460652,592989,615407,615407,613238,542368,419432,250213,62192,1446,0,0,0,0
2024-08-04,동해 바이오 연료저장고 지붕태양광,0,0,0,0,0,1446,34712,117152,227795,383274,508380,603837,646503,659520,628424,532967,352901,195976,53514,723,0,0,0,0
2024-08-05,동해 바이오 연료저장고 지붕태양광,0,0,0,0,0,0,10124,104135,159095,399906,517058,604560,653735,670367,466437,472222,328314,106304,54237,723,0,0,0,0
2024-08-06,동해 바이오 연료저장고 지붕태양광,0,0,0,0,0,0,32542,112089,229964,275523,449804,566956,363025,250936,107751,159818,290709,245151,49898,2169,0,0,0,0
2024-08-07,동해 바이오 연료저장고 지붕태양광,0,0,0,0,0,723,40497,123660,246597,358686,401353,639995,650842,255998,417985,554662,352901,254552,70146,2893,0,0,0,0
2024-08-08,동해 바이오 연료저장고 지붕태양광,0,0,0,0,0,2893,32542,36158,74485,290709,269015,378212,325421,197422,48452,139569,199592,109197,38327,723,0,0,0,0
2024-08-09,동해 바이오 연료저장고 지붕태양광,0,0,0,0,0,723,28926,100519,250936,396291,523566,613238,665305,676876,652288,577080,447635,253828,15909,0,0,0,0,0
2024-08-10,동해 바이오 연료저장고 지붕태양광,0,0,0,0,0,1446,39051,116428,257444,406415,532967,629871,656627,679045,627701,547431,383997,196699,72316,1446,0,0,0,0
2024-08-11,동해 바이오 연료저장고 지붕태양광,0,0,0,0,0,723,29649,101242,247320,394844,517781,609622,660243,669644,637825,559001,428109,164157,52067,0,0,0,0,0
2024-08-12,동해 바이오 연료저장고 지붕태양광,0,0,0,0,0,723,34712,105581,245151,389059,509826,598052,642164,655904,624808,550323,376765,112813,23141,723,0,0,0,0
2024-08-13,동해 바이오 연료저장고 지붕태양광,0,0,0,0,0,723,31096,109920,245874,393398,514888,603114,649396,661689,634209,555385,425217,224902,46282,0,0,0,0,0
2024-08-14,동해 바이오 연료저장고 지붕태양광,0,0,0,0,0,723,47728,118598,253105,386889,505487,595882,645780,655181,629147,532967,411477,211162,48452,0,0,0,0,0
2024-08-15,동해 바이오 연료저장고 지붕태양광,0,0,0,0,0,1446,57129,146801,290709,414369,525736,617577,663136,666028,632763,559724,439680,235749,49175,0,0,0,0,0
2024-08-16,동해 바이오 연료저장고 지붕태양광,0,0,0,0,0,0,28926,114982,114259,308065,509103,614684,660966,672537,647226,527905,362302,164880,62915,723,0,0,0,0
2024-08-17,동해 바이오 연료저장고 지붕태양광,0,0,0,0,0,0,23141,115705,222009,290709,385443,446912,480900,530075,399906,526459,436064,216947,36881,0,0,0,0,0
2024-08-18,동해 바이오 연료저장고 지붕태양광,0,0,0,0,0,0,20972,94011,239365,389059,516335,606006,655904,673260,641441,559001,433172,190191,2893,0,0,0,0,0
2024-08-19,동해 바이오 연료저장고 지붕태양광,0,0,0,0,0,723,22418,86056,235026,393398,508380,595882,647226,656627,626255,545984,349285,167773,28203,0,0,0,0,0
2024-08-20,동해 바이오 연료저장고 지붕태양광,0,0,0,0,0,0,19525,85333,240088,363748,381827,386889,328314,242981,117875,138123,96180,86056,31096,0,0,0,0,0
2024-08-21,동해 바이오 연료저장고 지붕태양광,0,0,0,0,0,0,33988,64361,73762,80271,103412,129445,178620,188021,124383,128722,131615,60022,19525,0,0,0,0,0
2024-08-22,동해 바이오 연료저장고 지붕태양광,0,0,0,0,0,0,23864,95457,241535,395567,514165,557555,642164,639995,605283,342777,266845,137400,26757,0,0,0,0,0
2024-08-23,동해 바이오 연료저장고 지붕태양광,0,0,0,0,0,0,28926,73039,156202,381104,504764,598052,553216,421601,551769,446912,381827,213332,41220,0,0,0,0,0
2024-08-24,동해 바이오 연료저장고 지붕태양광,0,0,0,0,0,0,22418,86779,223456,373149,497533,582865,633486,646503,605283,506934,338438,101965,8678,0,0,0,0,0
2024-08-25,동해 바이오 연료저장고 지붕태양광,0,0,0,0,0,0,32542,109197,183682,294325,504764,529352,597328,492471,502595,292879,148247,67254,23864,0,0,0,0,0
2024-08-26,동해 바이오 연료저장고 지붕태양광,0,0,0,0,0,0,26757,54960,110643,161264,180789,242258,222009,44836,146078,118598,105581,24587,6508,0,0,0,0,0
2024-08-27,동해 바이오 연료저장고 지붕태양광,0,0,0,0,0,0,0,5062,36158,47728,119321,135231,135954,126553,131615,57129,39774,33265,20248,723,0,0,0,0
2024-08-28,동해 바이오 연료저장고 지붕태양광,0,0,0,0,0,0,25311,94734,96180,231411,99796,164157,309512,281308,120044,227072,217671,158372,13017,0,0,0,0,0
2024-08-29,동해 바이오 연료저장고 지붕태양광,0,0,0,0,0,0,17356,69423,109920,95457,76655,107027,148971,75208,20972,18802,55683,18802,4339,0,0,0,0,0
2024-08-30,동해 바이오 연료저장고 지붕태양광,0,0,0,0,0,0,66531,184405,271907,235749,177174,214778,156202,267568,640718,561171,349285,68700,27480,0,0,0,0,0
2024-08-31,동해 바이오 연료저장고 지붕태양광,0,0,0,0,0,0,16633,80994,228518,384720,518504,590097,671091,671091,548154,154033,82440,75932,7232,0,0,0,0,0
2024-09-01,동해 바이오 연료저장고 지붕태양광,0,0,0,0,0,0,18802,83886,226348,380381,511273,605283,649396,647226,614684,530798,376765,113536,5062,0,0,0,0,0
2024-09-02,동해 바이오 연료저장고 지붕태양광,0,0,0,0,0,0,10847,59299,158372,160541,208269,216947,391952,188744,54960,35435,20248,5785,0,0,0,0,0,0
2024-09-03,동해 바이오 연료저장고 지붕태양광,0,0,0,0,0,0,21695,78101,206823,318189,430279,562617,678322,684831,648673,565509,355794,112089,17356,0,0,0,0,0
2024-09-04,동해 바이오 연료저장고 지붕태양광,0,0,0,0,0,0,16633,78101,227795,383997,520674,618300,668198,677599,639272,525736,383997,131615,14463,0,0,0,0,0
2024-09-05,동해 바이오 연료저장고 지붕태양광,0,0,0,0,0,0,15909,80994,211162,364472,488132,566233,613961,391228,520674,101965,30373,30373,0,0,0,0,0,0
2024-09-06,동해 바이오 연료저장고 지붕태양광,0,0,0,0,0,0,0,2893,20248,51344,43389,69423,131615,237196,173558,86056,41943,18079,0,0,0,0,0,0
2024-09-07,동해 바이오 연료저장고 지붕태양광,0,0,0,0,0,0,7232,65807,182959,228518,329760,381827,593713,306619,211162,125829,68700,21695,1446,0,0,0,0,0
2024-09-08,동해 바이오 연료저장고 지붕태양광,0,0,0,0,0,0,15909,73039,191637,336268,300834,556108,640718,481623,156925,52791,21695,723,0,0,0,0,0,0
2024-09-09,동해 바이오 연료저장고 지붕태양광,0,0,0,0,0,0,13017,86056,203207,311681,490301,591543,621916,271907,258167,180066,75932,49175,1446,0,0,0,0,0
2024-09-10,동해 바이오 연료저장고 지붕태양광,0,0,0,0,0,0,13740,70869,205377,353624,483793,574187,622639,624808,592266,459205,308065,96180,4339,0,0,0,0,0
2024-09-11,동해 바이오 연료저장고 지붕태양광,0,0,0,0,0,0,13740,70146,197422,343500,479454,587204,621916,370257,214778,126553,90395,9401,0,0,0,0,0,0
2024-09-12,동해 바이오 연료저장고 지붕태양광,0,0,0,0,0,0,0,8678,61468,71593,51344,99073,88225,76655,75208,40497,17356,5785,0,0,0,0,0,0
2024-09-13,동해 바이오 연료저장고 지붕태양광,0,0,0,0,0,0,7955,94734,138123,175727,259614,325421,606729,574187,381827,331929,93287,40497,0,0,0,0,0,0
2024-09-14,동해 바이오 연료저장고 지붕태양광,0,0,0,0,0,0,9401,18079,33265,72316,171388,469329,139569,88225,91841,67977,23141,11571,0,0,0,0,0,0
2024-09-15,동해 바이오 연료저장고 지붕태양광,0,0,0,0,0,0,0,13017,37604,75932,95457,132338,64361,62192,66531,77378,39774,9401,0,0,0,0,0,0
2024-09-16,동해 바이오 연료저장고 지붕태양광,0,0,0,0,0,0,1446,34712,127276,240812,332653,358686,367364,348562,277693,365195,177174,50621,1446,0,0,0,0,0
2024-09-17,동해 바이오 연료저장고 지붕태양광,0,0,0,0,0,0,3616,45559,214778,274077,265399,334822,452697,415093,371703,245151,105581,39051,723,0,0,0,0,0
2024-09-18,동해 바이오 연료저장고 지붕태양광,0,0,0,0,0,0,8678,67254,95457,154756,175727,99073,54960,62192,86779,45559,74485,64361,0,0,0,0,0,0
2024-09-19,동해 바이오 연료저장고 지붕태양광,0,0,0,0,0,0,0,24587,72316,190191,319636,263953,406415,598775,197422,133784,67254,23141,0,0,0,0,0,0
2024-09-20,동해 바이오 연료저장고 지붕태양광,0,0,0,0,0,0,0,8678,71593,105581,167049,196699,266122,260337,102688,26757,12294,4339,0,0,0,0,0,0
2024-09-21,동해 바이오 연료저장고 지붕태양광,0,0,0,0,0,0,0,1446,20972,29649,54960,91118,90395,57129,60745,91841,33265,13740,0,0,0,0,0,0
2024-09-22,동해 바이오 연료저장고 지붕태양광,0,0,0,0,0,0,1446,51344,66531,84609,178620,219117,203931,154756,156925,70146,38327,15909,0,0,0,0,0,0
2024-09-23,동해 바이오 연료저장고 지붕태양광,0,0,0,0,0,0,4339,28203,92564,258891,484516,561894,549600,488132,429556,544538,116428,40497,723,0,0,0,0,0
2024-09-24,동해 바이오 연료저장고 지붕태양광,0,0,0,0,0,0,10847,78101,197422,368811,467160,619746,668198,559001,229241,139569,91118,31096,0,0,0,0,0,0
2024-09-25,동해 바이오 연료저장고 지붕태양광,0,0,0,0,0,0,8678,74485,154033,280585,253105,443296,425940,391952,565509,475838,141739,59299,0,0,0,0,0,0
2024-09-26,동해 바이오 연료저장고 지붕태양광,0,0,0,0,0,0,2169,82440,172835,261060,175004,416539,446912,428833,574187,250213,129445,15909,0,0,0,0,0,0
2024-09-27,동해 바이오 연료저장고 지붕태양광,0,0,0,0,0,0,7232,75932,117875,335545,470776,567679,629871,615407,388336,271184,57853,9401,0,0,0,0,0,0
2024-09-28,동해 바이오 연료저장고 지붕태양광,0,0,0,0,0,0,0,23864,105581,149694,284924,389059,341331,496086,501148,459205,158372,28203,0,0,0,0,0,0
2024-09-29,동해 바이오 연료저장고 지붕태양광,0,0,0,0,0,0,4339,26757,70146,174281,149694,274077,545261,635656,588651,485962,214055,44113,0,0,0,0,0,0
2024-09-30,동해 바이오 연료저장고 지붕태양광,0,0,0,0,0,0,5785,49175,185852,347839,488132,585035,638548,642887,585758,469329,200315,49175,0,0,0,0,0,0
2024-10-01,동해 바이오 연료저장고 지붕태양광,0,0,0,0,0,0,7955,45559,96903,215501,113536,67977,248766,120044,52067,31096,36881,3616,0,0,0,0,0,0
2024-10-02,동해 바이오 연료저장고 지붕태양광,0,0,0,0,0,0,10124,63638,106304,164157,383274,556832,644334,660966,525013,175727,127276,3616,0,0,0,0,0,0
2024-10-03,동해 바이오 연료저장고 지붕태양광,0,0,0,0,0,0,3616,56406,59299,78101,54237,32542,52067,39774,23141,19525,18802,2169,0,0,0,0,0,0
2024-10-04,동해 바이오 연료저장고 지붕태양광,0,0,0,0,0,0,3616,45559,177897,344223,493917,591543,634209,639272,589374,467160,186575,39051,0,0,0,0,0,0
2024-10-05,동해 바이오 연료저장고 지붕태양광,0,0,0,0,0,0,4339,46282,181513,305173,459928,579249,600221,576357,479454,367364,156925,54237,0,0,0,0,0,0
2024-10-06,동해 바이오 연료저장고 지붕태양광,0,0,0,0,0,0,4339,70146,159818,293602,232134,327591,201761,122937,83163,122937,52791,10124,0,0,0,0,0,0
2024-10-07,동해 바이오 연료저장고 지붕태양광,0,0,0,0,0,0,1446,38327,89672,172112,290709,559001,512719,275523,244427,143185,70869,9401,0,0,0,0,0,0
2024-10-08,동해 바이오 연료저장고 지붕태양광,0,0,0,0,0,0,2169,35435,17356,39051,85333,49898,44836,44113,12294,23864,7232,0,0,0,0,0,0,0
2024-10-09,동해 바이오 연료저장고 지붕태양광,0,0,0,0,0,0,723,13740,47005,64361,221286,180789,255275,506211,420155,306619,109197,13017,0,0,0,0,0,0
2024-10-10,동해 바이오 연료저장고 지붕태양광,0,0,0,0,0,0,8678,68700,161987,318913,458482,551046,595882,491024,323252,276246,104135,5062,0,0,0,0,0,0
2024-10-11,동해 바이오 연료저장고 지붕태양광,0,0,0,0,0,0,2893,44113,161987,315297,449081,543092,583588,584312,527182,366641,125829,25311,0,0,0,0,0,0
2024-10-12,동해 바이오 연료저장고 지붕태양광,0,0,0,0,0,0,2169,43389,159818,323252,457759,554662,600944,596605,538029,370257,135954,19525,0,0,0,0,0,0
2024-10-13,동해 바이오 연료저장고 지붕태양광,0,0,0,0,0,0,2169,44113,155479,305896,441126,538753,472945,348562,310235,187298,70869,11571,0,0,0,0,0,0
2024-10-14,동해 바이오 연료저장고 지붕태양광,0,0,0,0,0,0,723,23141,38327,94011,89672,189467,245874,112813,78824,54960,20972,2893,0,0,0,0,0,0
2024-10-15,동해 바이오 연료저장고 지붕태양광,0,0,0,0,0,0,723,38327,44836,109197,209716,248766,235749,189467,106304,67254,43389,5062,0,0,0,0,0,0
2024-10-16,동해 바이오 연료저장고 지붕태양광,0,0,0,0,0,0,1446,34712,52791,70146,58576,94734,235749,311681,412200,117152,29649,723,0,0,0,0,0,0
2024-10-17,동해 바이오 연료저장고 지붕태양광,0,0,0,0,0,0,723,36881,125829,172112,293602,308788,433895,376042,454866,313851,118598,13017,0,0,0,0,0,0
2024-10-18,동해 바이오 연료저장고 지붕태양광,0,0,0,0,0,0,723,53514,96180,208269,214778,266845,120044,47728,12294,4339,0,0,0,0,0,0,0,0
2024-10-19,동해 바이오 연료저장고 지붕태양광,0,0,0,0,0,0,0,4339,15186,35435,35435,38327,36881,42666,32542,22418,7232,0,0,0,0,0,0,0
2024-10-20,동해 바이오 연료저장고 지붕태양광,0,0,0,0,0,0,0,36881,175004,143185,63638,251659,281308,115705,75932,49175,18079,0,0,0,0,0,0,0
2024-10-21,동해 바이오 연료저장고 지붕태양광,0,0,0,0,0,0,723,5785,113536,207546,329037,436064,211162,206100,139569,70869,33265,6508,0,0,0,0,0,0
2024-10-22,동해 바이오 연료저장고 지붕태양광,0,0,0,0,0,0,0,723,26757,25311,28926,60745,44836,45559,57853,45559,8678,723,0,0,0,0,0,0
2024-10-23,동해 바이오 연료저장고 지붕태양광,0,0,0,0,0,0,723,36881,143908,265399,469329,556832,604560,590820,521397,301557,114982,9401,0,0,0,0,0,0
2024-10-24,동해 바이오 연료저장고 지붕태양광,0,0,0,0,0,0,723,28926,133784,295772,433895,533691,580696,577080,515612,292156,109920,7232,0,0,0,0,0,0
2024-10-25,동해 바이오 연료저장고 지붕태양광,0,0,0,0,0,0,723,31096,127999,279139,417985,493194,562617,559001,459928,242258,76655,3616,0,0,0,0,0,0
2024-10-26,동해 바이오 연료저장고 지붕태양광,0,0,0,0,0,0,0,26034,114982,224902,329760,326867,329760,233580,328314,219117,43389,2893,0,0,0,0,0,0
2024-10-27,동해 바이오 연료저장고 지붕태양광,0,0,0,0,0,0,0,36158,118598,164880,253105,561894,285647,237919,201038,109197,18802,0,0,0,0,0,0,0
2024-10-28,동해 바이오 연료저장고 지붕태양광,0,0,0,0,0,0,0,0,1446,9401,19525,15909,9401,7955,7232,6508,2169,0,0,0,0,0,0,0
2024-10-29,동해 바이오 연료저장고 지붕태양광,0,0,0,0,0,0,0,24587,109197,276969,403522,345669,365195,424494,438234,240088,86779,3616,0,0,0,0,0,0
2024-10-30,동해 바이오 연료저장고 지붕태양광,0,0,0,0,0,0,0,28203,117152,261783,394844,491024,539476,545261,479454,247320,88948,2893,0,0,0,0,0,0
2024-10-31,동해 바이오 연료저장고 지붕태양광,0,0,0,0,0,0,0,12294,104858,261060,412923,497533,517781,503318,468606,237196,85333,2893,0,0,0,0,0,0
2024-11-01,동해 바이오 연료저장고 지붕태양광,0,0,0,0,0,0,0,4339,21695,29649,53514,63638,77378,99073,71593,43389,11571,0,0,0,0,0,0,0
2024-11-02,동해 바이오 연료저장고 지붕태양광,0,0,0,0,0,0,0,4339,96180,214778,126553,99796,46282,212608,70869,47728,25311,0,0,0,0,0,0,0
2024-11-03,동해 바이오 연료저장고 지붕태양광,0,0,0,0,0,0,0,18802,95457,249489,384720,486685,536583,534414,459205,221286,78101,1446,0,0,0,0,0,0
2024-11-04,동해 바이오 연료저장고 지붕태양광,0,0,0,0,0,0,0,26034,51344,143908,346393,152586,179343,190191,165603,172112,60745,723,0,0,0,0,0,0
2024-11-05,동해 바이오 연료저장고 지붕태양광,0,0,0,0,0,0,0,0,0,7232,24587,44836,23141,16633,48452,133061,63638,723,0,0,0,0,0,0
2024-11-06,동해 바이오 연료저장고 지붕태양광,0,0,0,0,0,0,0,18079,103412,269015,420155,521397,577080,572741,489578,222733,76655,723,0,0,0,0,0,0
2024-11-07,동해 바이오 연료저장고 지붕태양광,0,0,0,0,0,0,0,17356,96903,250936,393398,493917,539476,530798,332653,78824,44836,723,0,0,0,0,0,0
2024-11-08,동해 바이오 연료저장고 지붕태양광,0,0,0,0,0,0,0,18079,95457,240088,376765,479454,523566,379658,120767,63638,23141,0,0,0,0,0,0,0
2024-11-09,동해 바이오 연료저장고 지붕태양광,0,0,0,0,0,0,0,13740,65807,137400,265399,306619,283478,248766,219840,204654,48452,723,0,0,0,0,0,0
2024-11-10,동해 바이오 연료저장고 지붕태양광,0,0,0,0,0,0,0,14463,76655,117875,163434,154756,295048,509103,431002,193083,62192,723,0,0,0,0,0,0
2024-11-11,동해 바이오 연료저장고 지붕태양광,0,0,0,0,0,0,0,17356,96180,171388,344223,442573,492471,483793,391952,68700,22418,0,0,0,0,0,0,0
2024-11-12,동해 바이오 연료저장고 지붕태양광,0,0,0,0,0,0,0,10124,83886,219117,356517,450527,510549,496086,408584,185852,56406,723,0,0,0,0,0,0
2024-11-13,동해 바이오 연료저장고 지붕태양광,0,0,0,0,0,0,0,5785,38327,146078,297941,337715,333376,352178,108474,81717,39051,0,0,0,0,0,0,0
2024-11-14,동해 바이오 연료저장고 지붕태양광,0,0,0,0,0,0,0,18079,78101,195976,342777,296495,227072,141739,104135,42666,2893,0,0,0,0,0,0,0
2024-11-15,동해 바이오 연료저장고 지붕태양광,0,0,0,0,0,0,0,3616,30373,81717,248766,260337,342054,413646,368811,172835,45559,723,0,0,0,0,0,0
2024-11-16,동해 바이오 연료저장고 지붕태양광,0,0,0,0,0,0,0,13740,74485,216947,296495,316743,485239,475115,372426,169942,47728,723,0,0,0,0,0,0
2024-11-17,동해 바이오 연료저장고 지붕태양광,0,0,0,0,0,0,0,0,18079,30373,52067,109920,88225,145355,135231,54237,23864,0,0,0,0,0,0,0
2024-11-18,동해 바이오 연료저장고 지붕태양광,0,0,0,0,0,0,0,7955,75208,217671,367364,471499,554662,202484,91841,33265,20248,723,0,0,0,0,0,0
2024-11-19,동해 바이오 연료저장고 지붕태양광,0,0,0,0,0,0,0,9401,73762,214778,363025,370257,271907,281308,178620,94734,41943,723,0,0,0,0,0,0
2024-11-20,동해 바이오 연료저장고 지붕태양광,0,0,0,0,0,0,0,19525,78824,179343,312404,423771,438957,440403,336992,168496,46282,0,0,0,0,0,0,0
2024-11-21,동해 바이오 연료저장고 지붕태양광,0,0,0,0,0,0,0,11571,74485,181513,316020,381827,219117,227072,268292,154756,37604,0,0,0,0,0,0,0
2024-11-22,동해 바이오 연료저장고 지붕태양광,0,0,0,0,0,0,0,10124,70146,184405,319636,425217,482346,470053,329037,95457,24587,0,0,0,0,0,0,0
2024-11-23,동해 바이오 연료저장고 지붕태양광,0,0,0,0,0,0,0,4339,58576,123660,200315,201038,206823,220563,284924,149694,24587,0,0,0,0,0,0,0
2024-11-24,동해 바이오 연료저장고 지붕태양광,0,0,0,0,0,0,0,7955,65807,193806,334099,444742,529352,427386,207546,119321,36158,0,0,0,0,0,0,0
2024-11-25,동해 바이오 연료저장고 지붕태양광,0,0,0,0,0,0,0,7232,65807,189467,321082,411477,453420,428109,292879,102688,29649,0,0,0,0,0,0,0
2024-11-26,동해 바이오 연료저장고 지붕태양광,0,0,0,0,0,0,0,0,18802,44113,118598,185128,207546,322528,310958,203207,45559,0,0,0,0,0,0,0
2024-11-27,동해 바이오 연료저장고 지붕태양광,0,0,0,0,0,0,0,15186,101965,167773,143185,245151,218394,218394,180789,95457,21695,0,0,0,0,0,0,0
2024-11-28,동해 바이오 연료저장고 지붕태양광,0,0,0,0,0,0,0,10124,80994,71593,169942,188021,151140,89672,62915,31096,7955,0,0,0,0,0,0,0
2024-11-29,동해 바이오 연료저장고 지붕태양광,0,0,0,0,0,0,0,5785,57853,190191,338438,437511,498256,500425,371703,88948,20972,723,0,0,0,0,0,0
2024-11-30,동해 바이오 연료저장고 지붕태양광,0,0,0,0,0,0,0,5062,52791,180066,328314,432448,488855,449804,332653,162711,32542,0,0,0,0,0,0,0
2024-12-01,동해 바이오 연료저장고 지붕태양광,0,0,0,0,0,0,0,7232,55683,196699,284924,387613,390505,381104,258891,96903,18079,0,0,0,0,0,0,0
2024-12-02,동해 바이오 연료저장고 지붕태양광,0,0,0,0,0,0,0,5785,58576,167773,310235,401353,415093,131615,84609,33265,0,0,0,0,0,0,0,0
2024-12-03,동해 바이오 연료저장고 지붕태양광,0,0,0,0,0,0,0,2169,50621,112813,154756,173558,220563,480900,360856,172112,38327,0,0,0,0,0,0,0
2024-12-04,동해 바이오 연료저장고 지붕태양광,0,0,0,0,0,0,0,4339,51344,170665,312404,419432,483793,469329,357963,178620,39774,0,0,0,0,0,0,0
2024-12-05,동해 바이오 연료저장고 지붕태양광,0,0,0,0,0,0,0,4339,50621,167773,306619,414369,483793,488855,352178,169219,38327,0,0,0,0,0,0,0
2024-12-06,동해 바이오 연료저장고 지붕태양광,0,0,0,0,0,0,0,3616,45559,169942,323252,434618,498256,491747,357240,172112,40497,0,0,0,0,0,0,0
2024-12-07,동해 바이오 연료저장고 지붕태양광,0,0,0,0,0,0,0,2893,46282,164880,311681,422324,483069,478731,350732,171388,41943,0,0,0,0,0,0,0
2024-12-08,동해 바이오 연료저장고 지붕태양광,0,0,0,0,0,0,0,2169,44836,166326,314574,425217,485962,480900,344223,166326,40497,0,0,0,0,0,0,0
2024-12-09,동해 바이오 연료저장고 지붕태양광,0,0,0,0,0,0,0,2893,43389,161987,309512,416539,476561,476561,344223,164157,33265,0,0,0,0,0,0,0
2024-12-10,동해 바이오 연료저장고 지붕태양광,0,0,0,0,0,0,0,2893,43389,158372,302280,407861,475115,471499,334099,156925,36881,0,0,0,0,0,0,0
2024-12-11,동해 바이오 연료저장고 지붕태양광,0,0,0,0,0,0,0,3616,44113,88225,55683,33988,41220,37604,22418,12294,4339,0,0,0,0,0,0,0
2024-12-12,동해 바이오 연료저장고 지붕태양광,0,0,0,0,0,0,0,2893,49898,155479,293602,411477,476561,459205,321805,107751,18802,0,0,0,0,0,0,0
2024-12-13,동해 바이오 연료저장고 지붕태양광,0,0,0,0,0,0,0,723,31096,78101,119321,139569,206100,405692,311681,120767,32542,0,0,0,0,0,0,0
2024-12-14,동해 바이오 연료저장고 지붕태양광,0,0,0,0,0,0,0,2169,40497,157648,303726,417262,483793,483793,354347,175004,42666,0,0,0,0,0,0,0
2024-12-15,동해 바이오 연료저장고 지붕태양광,0,0,0,0,0,0,0,2169,33988,99073,303003,417985,480900,336992,160541,68700,27480,0,0,0,0,0,0,0
2024-12-16,동해 바이오 연료저장고 지붕태양광,0,0,0,0,0,0,0,1446,38327,150417,298664,407861,466437,467883,349285,105581,18079,0,0,0,0,0,0,0
2024-12-17,동해 바이오 연료저장고 지붕태양광,0,0,0,0,0,0,0,2169,37604,146801,292156,401353,473668,479454,339884,155479,40497,0,0,0,0,0,0,0
2024-12-18,동해 바이오 연료저장고 지붕태양광,0,0,0,0,0,0,0,1446,39051,146078,295048,409307,478007,480900,353624,136677,23864,0,0,0,0,0,0,0
2024-12-19,동해 바이오 연료저장고 지붕태양광,0,0,0,0,0,0,0,0,1446,5062,11571,26034,126553,255998,229964,151140,36158,0,0,0,0,0,0,0
2024-12-20,동해 바이오 연료저장고 지붕태양광,0,0,0,0,0,0,0,0,11571,51344,124383,203207,273354,428109,143185,102688,57853,0,0,0,0,0,0,0
2024-12-21,동해 바이오 연료저장고 지붕태양광,0,0,0,0,0,0,0,1446,55683,127999,235749,368811,426663,457036,329037,155479,39774,723,0,0,0,0,0,0
2024-12-22,동해 바이오 연료저장고 지붕태양광,0,0,0,0,0,0,0,723,36158,143908,292879,416539,485962,493194,366641,179343,48452,0,0,0,0,0,0,0
2024-12-23,동해 바이오 연료저장고 지붕태양광,0,0,0,0,0,0,0,723,33988,140293,291433,410031,480900,490301,368811,181513,48452,0,0,0,0,0,0,0
2024-12-24,동해 바이오 연료저장고 지붕태양광,0,0,0,0,0,0,0,1446,33988,137400,285647,397737,466437,472945,357240,176451,48452,0,0,0,0,0,0,0
2024-12-25,동해 바이오 연료저장고 지붕태양광,0,0,0,0,0,0,0,0,27480,83886,137400,123660,88225,104858,237919,227072,73039,1446,0,0,0,0,0,0
2024-12-26,동해 바이오 연료저장고 지붕태양광,0,0,0,0,0,0,0,723,44836,133061,259614,377488,453420,461375,353624,174281,54237,0,0,0,0,0,0,0
2024-12-27,동해 바이오 연료저장고 지붕태양광,0,0,0,0,0,0,0,1446,33265,136677,292156,412200,478007,483793,379658,190914,55683,723,0,0,0,0,0,0
2024-12-28,동해 바이오 연료저장고 지붕태양광,0,0,0,0,0,0,0,723,32542,137400,287094,405692,480177,493917,383274,190191,55683,723,0,0,0,0,0,0
2024-12-29,동해 바이오 연료저장고 지붕태양광,0,0,0,0,0,0,0,723,30373,133784,281308,399183,467883,476561,370257,183682,54237,0,0,0,0,0,0,0
2024-12-30,동해 바이오 연료저장고 지붕태양광,0,0,0,0,0,0,0,0,26034,84609,110643,144632,323975,399906,201038,83163,33988,723,0,0,0,0,0,0
2024-12-31,동해 바이오 연료저장고 지붕태양광,0,0,0,0,0,0,0,1446,32542,133061,279862,402076,476561,485239,384720,186575,58576,723,0,0,0,0,0,0
2025-01-01,동해 바이오 연료저장고 지붕태양광,0,0,0,0,0,0,0,723,33988,131615,264676,383274,450527,451251,363025,174281,52067,723,0,0,0,0,0,0
2025-01-02,동해 바이오 연료저장고 지붕태양광,0,0,0,0,0,0,0,723,34712,130168,251659,375319,443296,455589,366641,179343,57853,723,0,0,0,0,0,0
2025-01-03,동해 바이오 연료저장고 지붕태양광,0,0,0,0,0,0,0,723,31096,133784,289263,410754,485962,494640,401353,196699,64361,723,0,0,0,0,0,0
2025-01-04,동해 바이오 연료저장고 지붕태양광,0,0,0,0,0,0,0,723,31819,133784,282755,404245,478007,488132,397014,192360,66531,723,0,0,0,0,0,0
2025-01-05,동해 바이오 연료저장고 지붕태양광,0,0,0,0,0,0,0,0,13740,84609,240088,242258,149694,109920,57129,28926,28203,0,0,0,0,0,0,0
2025-01-06,동해 바이오 연료저장고 지붕태양광,0,0,0,0,0,0,0,723,32542,114259,180066,363025,457036,464991,407861,198868,67254,723,0,0,0,0,0,0
2025-01-07,동해 바이오 연료저장고 지붕태양광,0,0,0,0,0,0,0,723,29649,137400,295772,423771,497533,512719,433895,201761,73039,723,0,0,0,0,0,0
2025-01-08,동해 바이오 연료저장고 지붕태양광,0,0,0,0,0,0,0,723,31819,132338,283478,407861,461375,342777,118598,185852,86056,2893,0,0,0,0,0,0
2025-01-09,동해 바이오 연료저장고 지붕태양광,0,0,0,0,0,0,0,723,31096,139569,305173,437511,519227,538029,462098,219117,83886,1446,0,0,0,0,0,0
2025-01-10,동해 바이오 연료저장고 지붕태양광,0,0,0,0,0,0,0,723,31819,133784,293602,413646,488132,511273,445465,208269,82440,2169,0,0,0,0,0,0
2025-01-11,동해 바이오 연료저장고 지붕태양광,0,0,0,0,0,0,0,0,20972,79547,210439,394121,484516,497533,431002,208993,60745,1446,0,0,0,0,0,0
2025-01-12,동해 바이오 연료저장고 지붕태양광,0,0,0,0,0,0,0,723,39774,114982,253105,391228,488855,470053,447635,237919,48452,3616,0,0,0,0,0,0
2025-01-13,동해 바이오 연료저장고 지붕태양광,0,0,0,0,0,0,0,723,33988,137400,269738,193806,248043,196699,162711,224179,47728,1446,0,0,0,0,0,0
2025-01-14,동해 바이오 연료저장고 지붕태양광,0,0,0,0,0,0,0,723,13740,72316,179343,187298,321805,446912,389059,173558,41943,1446,0,0,0,0,0,0
2025-01-15,동해 바이오 연료저장고 지붕태양광,0,0,0,0,0,0,0,1446,33265,139569,300111,426663,506211,521397,465714,227072,96180,2893,0,0,0,0,0,0
2025-01-16,동해 바이오 연료저장고 지붕태양광,0,0,0,0,0,0,0,1446,32542,135231,288540,410031,480900,436787,382551,229241,73039,2169,0,0,0,0,0,0
2025-01-17,동해 바이오 연료저장고 지붕태양광,0,0,0,0,0,0,0,1446,35435,135231,284924,399183,478731,498979,447635,225625,91841,4339,0,0,0,0,0,0
2025-01-18,동해 바이오 연료저장고 지붕태양광,0,0,0,0,0,0,0,723,33988,138846,292156,410754,483793,462821,360133,173558,81717,3616,0,0,0,0,0,0
2025-01-19,동해 바이오 연료저장고 지붕태양광,0,0,0,0,0,0,0,2893,56406,146801,261060,384720,428109,388336,280585,200315,93287,7232,0,0,0,0,0,0
2025-01-20,동해 바이오 연료저장고 지붕태양광,0,0,0,0,0,0,0,723,41943,130168,245151,341331,400629,396291,211162,141739,65084,1446,0,0,0,0,0,0
2025-01-21,동해 바이오 연료저장고 지붕태양광,0,0,0,0,0,0,0,1446,46282,134507,255998,365918,438957,417262,366641,206100,82440,6508,0,0,0,0,0,0
2025-01-22,동해 바이오 연료저장고 지붕태양광,0,0,0,0,0,0,0,2169,46282,138846,255998,365918,426663,421601,386166,221286,83886,6508,0,0,0,0,0,0
2025-01-23,동해 바이오 연료저장고 지붕태양광,0,0,0,0,0,0,0,2169,40497,140293,289263,410031,481623,499702,446188,244427,101242,8678,0,0,0,0,0,0
2025-01-24,동해 바이오 연료저장고 지붕태양광,0,0,0,0,0,0,0,1446,33988,136677,224902,407138,468606,480177,444742,258891,102688,7232,0,0,0,0,0,0
2025-01-25,동해 바이오 연료저장고 지붕태양광,0,0,0,0,0,0,0,0,13017,80271,125829,117875,92564,161264,24587,28203,31819,0,0,0,0,0,0,0
2025-01-26,동해 바이오 연료저장고 지붕태양광,0,0,0,0,0,0,0,0,39051,149694,277693,97626,50621,53514,58576,22418,4339,723,0,0,0,0,0,0
2025-01-27,동해 바이오 연료저장고 지붕태양광,0,0,0,0,0,0,0,1446,52791,105581,154033,318189,467883,610345,407138,237919,93287,10847,0,0,0,0,0,0
2025-01-28,동해 바이오 연료저장고 지붕태양광,0,0,0,0,0,0,0,4339,64361,160541,332653,458482,514165,545261,462821,332653,175004,22418,0,0,0,0,0,0
2025-01-29,동해 바이오 연료저장고 지붕태양광,0,0,0,0,0,0,0,2893,47005,167049,326867,449804,545984,585758,548154,330483,148247,13740,0,0,0,0,0,0
2025-01-30,동해 바이오 연료저장고 지붕태양광,0,0,0,0,0,0,0,2893,46282,165603,324698,449804,525736,540922,451251,278416,142462,22418,0,0,0,0,0,0
2025-01-31,동해 바이오 연료저장고 지붕태양광,0,0,0,0,0,0,0,723,42666,101242,185128,229964,260337,209716,114982,128722,99073,2893,0,0,0,0,0,0
2025-02-01,동해 바이오 연료저장고 지붕태양광,0,0,0,0,0,0,0,0,24587,81717,76655,76655,113536,96903,51344,33265,10124,723,0,0,0,0,0,0
2025-02-02,동해 바이오 연료저장고 지붕태양광,0,0,0,0,0,0,0,1446,66531,163434,208993,395567,540922,560447,384720,260337,141739,10124,0,0,0,0,0,0
2025-02-03,동해 바이오 연료저장고 지붕태양광,0,0,0,0,0,0,0,2169,51344,175727,341331,477284,566233,586481,537306,348562,160541,25311,0,0,0,0,0,0
2025-02-04,동해 바이오 연료저장고 지붕태양광,0,0,0,0,0,0,0,4339,49898,182959,362302,496809,585758,616854,574911,381104,164157,25311,0,0,0,0,0,0
2025-02-05,동해 바이오 연료저장고 지붕태양광,0,0,0,0,0,0,0,4339,50621,186575,357963,499702,595882,624085,577080,384720,167049,27480,0,0,0,0,0,0
2025-02-06,동해 바이오 연료저장고 지붕태양광,0,0,0,0,0,0,0,4339,52067,188021,365918,499702,583588,604560,557555,386889,153309,21695,0,0,0,0,0,0
2025-02-07,동해 바이오 연료저장고 지붕태양광,0,0,0,0,0,0,0,7232,37604,28203,64361,273354,411477,499702,541645,400629,176451,31096,0,0,0,0,0,0
2025-02-08,동해 바이오 연료저장고 지붕태양광,0,0,0,0,0,0,0,5785,57129,195253,370257,505487,590820,615407,580696,410031,177174,31096,0,0,0,0,0,0
2025-02-09,동해 바이오 연료저장고 지붕태양광,0,0,0,0,0,0,0,5785,57129,194529,364472,495363,578526,605283,565509,404245,172835,33988,0,0,0,0,0,0
2025-02-10,동해 바이오 연료저장고 지붕태양광,0,0,0,0,0,0,0,5785,59299,195253,362302,496086,583588,607453,581419,416539,181513,33988,0,0,0,0,0,0
2025-02-11,동해 바이오 연료저장고 지붕태양광,0,0,0,0,0,0,0,7232,65084,195253,352178,480900,566956,591543,555385,404245,171388,34712,0,0,0,0,0,0
2025-02-12,동해 바이오 연료저장고 지붕태양광,0,0,0,0,0,0,0,0,4339,10847,56406,201038,245151,154033,49898,27480,85333,15186,0,0,0,0,0,0
2025-02-13,동해 바이오 연료저장고 지붕태양광,0,0,0,0,0,0,0,7232,63638,208993,385443,514888,595882,627701,590097,441126,189467,38327,0,0,0,0,0,0
2025-02-14,동해 바이오 연료저장고 지붕태양광,0,0,0,0,0,0,0,7955,65807,207546,375319,501148,572018,592989,548154,336268,148247,47005,0,0,0,0,0,0
2025-02-15,동해 바이오 연료저장고 지붕태양광,0,0,0,0,0,0,0,10847,78101,186575,321082,393398,391228,266845,157648,96903,113536,46282,0,0,0,0,0,0
2025-02-16,동해 바이오 연료저장고 지붕태양광,0,0,0,0,0,0,0,12294,69423,215501,336268,405692,439680,564786,482346,333376,145355,23864,0,0,0,0,0,0
2025-02-17,동해 바이오 연료저장고 지붕태양광,0,0,0,0,0,0,0,9401,70869,221286,396291,527182,610345,638548,600221,464991,197422,47005,0,0,0,0,0,0
2025-02-18,동해 바이오 연료저장고 지붕태양광,0,0,0,0,0,0,0,10847,73039,225625,400629,530075,614684,639272,607453,478007,202484,49898,723,0,0,0,0,0
2025-02-19,동해 바이오 연료저장고 지붕태양광,0,0,0,0,0,0,0,10847,74485,227795,405692,533691,615407,641441,607453,483069,204654,51344,0,0,0,0,0,0
2025-02-20,동해 바이오 연료저장고 지붕태양광,0,0,0,0,0,0,0,12294,79547,231411,404245,535860,613238,645780,610345,488855,203931,53514,0,0,0,0,0,0
2025-02-21,동해 바이오 연료저장고 지붕태양광,0,0,0,0,0,0,0,13017,80271,231411,406415,535137,615407,645057,604560,491024,208269,55683,723,0,0,0,0,0
2025-02-22,동해 바이오 연료저장고 지붕태양광,0,0,0,0,0,0,0,13017,83163,236473,409307,535137,613961,639995,601667,485962,213332,58576,723,0,0,0,0,0
2025-02-23,동해 바이오 연료저장고 지붕태양광,0,0,0,0,0,0,0,14463,84609,240812,417985,548154,621916,642164,589374,491747,216224,63638,723,0,0,0,0,0
2025-02-24,동해 바이오 연료저장고 지붕태양광,0,0,0,0,0,0,0,15186,86779,245151,417262,540199,620469,639272,608176,500425,224179,64361,723,0,0,0,0,0
2025-02-25,동해 바이오 연료저장고 지붕태양광,0,0,0,0,0,0,0,20972,120767,200315,182236,147524,120044,190191,321082,531521,300834,127276,3616,0,0,0,0,0
2025-02-26,동해 바이오 연료저장고 지붕태양광,0,0,0,0,0,0,0,19525,100519,243704,389059,514165,597328,615407,573464,453420,216947,67977,723,0,0,0,0,0
2025-02-27,동해 바이오 연료저장고 지붕태양광,0,0,0,0,0,0,0,20972,96180,239365,394121,516335,593713,613238,573464,476561,222733,62192,1446,0,0,0,0,0
2025-02-28,동해 바이오 연료저장고 지붕태양광,0,0,0,0,0,0,0,18802,96903,245151,400629,522843,594436,619746,587927,496086,237196,73039,1446,0,0,0,0,0
2025-03-01,동해 바이오 연료저장고 지붕태양광,0,0,0,0,0,0,0,34712,114259,238642,287817,241535,227795,525013,382551,136677,35435,32542,0,0,0,0,0,0
2025-03-02,동해 바이오 연료저장고 지붕태양광,0,0,0,0,0,0,0,5785,56406,107751,175004,91118,39774,9401,7955,1446,1446,0,0,0,0,0,0,0
2025-03-03,동해 바이오 연료저장고 지붕태양광,0,0,0,0,0,0,0,0,7232,18079,77378,128722,214778,264676,204654,140293,72316,12294,0,0,0,0,0,0
2025-03-04,동해 바이오 연료저장고 지붕태양광,0,0,0,0,0,0,0,2893,13740,18079,41220,54960,68700,102688,79547,28926,31819,11571,0,0,0,0,0,0
2025-03-05,동해 바이오 연료저장고 지붕태양광,0,0,0,0,0,0,0,2893,48452,102688,149694,150417,215501,233580,169942,99796,96903,10847,0,0,0,0,0,0
2025-03-06,동해 바이오 연료저장고 지붕태양광,0,0,0,0,0,0,0,34712,105581,287094,318189,361579,520674,457759,167049,146801,47005,22418,2893,0,0,0,0,0
2025-03-07,동해 바이오 연료저장고 지붕태양광,0,0,0,0,0,0,0,33265,131615,290709,441126,569125,636379,641441,583588,366641,208269,49175,2169,0,0,0,0,0
2025-03-08,동해 바이오 연료저장고 지붕태양광,0,0,0,0,0,0,0,31819,141739,280585,237196,432448,462098,503318,412200,514165,286371,81717,5062,0,0,0,0,0
2025-03-09,동해 바이오 연료저장고 지붕태양광,0,0,0,0,0,0,723,33265,132338,295048,454866,576357,647949,668921,632040,501872,280585,86056,4339,0,0,0,0,0
2025-03-10,동해 바이오 연료저장고 지붕태양광,0,0,0,0,0,0,723,35435,131615,289986,454143,568402,634933,637102,595882,533691,291433,91841,4339,0,0,0,0,0
2025-03-11,동해 바이오 연료저장고 지붕태양광,0,0,0,0,0,0,723,38327,150417,290709,458482,584312,647949,669644,634933,532967,291433,94734,5785,0,0,0,0,0
2025-03-12,동해 바이오 연료저장고 지붕태양광,0,0,0,0,0,0,0,33265,70869,203931,447635,551769,585035,642164,548877,475115,275523,71593,2893,0,0,0,0,0
2025-03-13,동해 바이오 연료저장고 지붕태양광,0,0,0,0,0,0,723,41943,148247,262506,449081,578526,589374,587927,645057,555385,320359,109197,7232,0,0,0,0,0
2025-03-14,동해 바이오 연료저장고 지붕태양광,0,0,0,0,0,0,723,41943,144632,313127,470776,585035,653735,673260,639272,535860,279862,66531,5062,0,0,0,0,0
2025-03-15,동해 바이오 연료저장고 지붕태양광,0,0,0,0,0,0,0,12294,88948,192360,396291,612515,410754,91118,139569,33988,78101,13740,0,0,0,0,0,0
2025-03-16,동해 바이오 연료저장고 지붕태양광,0,0,0,0,0,0,723,19525,101242,144632,232134,251659,247320,245874,251659,106304,67254,26034,1446,0,0,0,0,0
2025-03-17,동해 바이오 연료저장고 지붕태양광,0,0,0,0,0,0,0,0,3616,9401,56406,133784,223456,339161,257444,233580,180789,98349,11571,0,0,0,0,0
2025-03-18,동해 바이오 연료저장고 지붕태양광,0,0,0,0,0,0,723,59299,110643,193806,266122,369534,180789,106304,723,15186,14463,1446,0,0,0,0,0,0
2025-03-19,동해 바이오 연료저장고 지붕태양광,0,0,0,0,0,0,0,12294,38327,113536,224179,389782,564786,621193,575634,493194,321805,112089,9401,0,0,0,0,0
2025-03-20,동해 바이오 연료저장고 지붕태양광,0,0,0,0,0,0,4339,43389,172835,355794,509103,606729,670367,681938,642887,543815,340607,124383,10847,0,0,0,0,0
2025-03-21,동해 바이오 연료저장고 지붕태양광,0,0,0,0,0,0,3616,48452,168496,339161,474392,588651,660243,666028,621916,540922,335545,111366,10124,0,0,0,0,0
2025-03-22,동해 바이오 연료저장고 지붕태양광,0,0,0,0,0,0,3616,47005,172112,339161,485962,589374,646503,647949,611068,509103,336268,120044,11571,0,0,0,0,0
2025-03-23,동해 바이오 연료저장고 지붕태양광,0,0,0,0,0,0,4339,55683,172112,336268,485962,595159,661689,683384,650119,548154,292879,122214,9401,0,0,0,0,0
2025-03-24,동해 바이오 연료저장고 지붕태양광,0,0,0,0,0,0,723,24587,54237,67977,215501,387613,433895,603837,606006,502595,369534,157648,20248,0,0,0,0,0
2025-03-25,동해 바이오 연료저장고 지붕태양광,0,0,0,0,0,0,5062,61468,175727,309512,472222,558278,588651,605283,559724,433172,215501,54960,6508,0,0,0,0,0
2025-03-26,동해 바이오 연료저장고 지붕태양광,0,0,0,0,0,0,7232,59299,184405,337715,489578,589374,654458,654458,649396,484516,319636,109197,10124,0,0,0,0,0
2025-03-27,동해 바이오 연료저장고 지붕태양광,0,0,0,0,0,0,0,26034,53514,158372,197422,142462,70146,36158,56406,251659,190914,51344,723,0,0,0,0,0
2025-03-28,동해 바이오 연료저장고 지붕태양광,0,0,0,0,0,0,0,3616,10124,20972,17356,32542,52791,57129,175727,420155,411477,118598,12294,0,0,0,0,0
2025-03-29,동해 바이오 연료저장고 지붕태양광,0,0,0,0,0,0,10124,66531,212608,386889,544538,657351,723158,681215,579973,501872,226348,159818,9401,0,0,0,0,0
2025-03-30,동해 바이오 연료저장고 지붕태양광,0,0,0,0,0,0,9401,62915,218394,404968,566233,679045,749192,743406,581419,386166,310235,124383,13740,0,0,0,0,0
2025-03-31,동해 바이오 연료저장고 지붕태양광,0,0,0,0,0,0,11571,67977,214055,391228,548877,661689,720988,687000,445465,394121,287817,97626,15186,0,0,0,0,0
2025-04-01,동해 바이오 연료저장고 지붕태양광,0,0,0,0,0,0,11571,71593,211885,385443,540199,653735,716649,733282,697847,595159,405692,135954,18802,0,0,0,0,0
2025-04-02,동해 바이오 연료저장고 지붕태양광,0,0,0,0,0,0,13017,71593,218394,397737,549600,658797,715203,723158,653735,462098,276969,52067,4339,0,0,0,0,0
2025-04-03,동해 바이오 연료저장고 지붕태양광,0,0,0,0,0,0,8678,79547,168496,301557,470776,652288,691339,704356,669644,570572,389059,136677,10124,0,0,0,0,0
2025-04-04,동해 바이오 연료저장고 지붕태양광,0,0,0,0,0,0,18079,89672,216947,364472,490301,603837,673260,695678,571295,519227,308065,121491,18079,0,0,0,0,0
2025-04-05,동해 바이오 연료저장고 지붕태양광,0,0,0,0,0,0,0,13740,82440,146078,435341,559001,374596,185128,301557,261783,171388,99796,16633,0,0,0,0,0
2025-04-06,동해 바이오 연료저장고 지붕태양광,0,0,0,0,0,0,18079,87502,230687,399183,329760,480177,0,0,0,47005,307342,143908,23141,0,0,0,0,0
2025-04-07,동해 바이오 연료저장고 지붕태양광,0,0,0,0,0,0,17356,84609,235026,404245,552493,657351,718096,722435,667475,555385,367364,136677,34712,0,0,0,0,0
2025-04-08,동해 바이오 연료저장고 지붕태양광,0,0,0,0,0,0,16633,86779,229241,388336,529352,563340,632763,492471,605283,551769,395567,149694,24587,0,0,0,0,0
2025-04-09,동해 바이오 연료저장고 지붕태양광,0,0,0,0,0,0,26034,92564,228518,386166,370980,513442,489578,377488,261060,179343,164880,57853,18802,0,0,0,0,0
2025-04-10,동해 바이오 연료저장고 지붕태양광,0,0,0,0,0,0,8678,60022,184405,355794,520674,608899,675429,511273,404968,229241,270461,156925,28203,0,0,0,0,0
2025-04-11,동해 바이오 연료저장고 지붕태양광,0,0,0,0,0,0,20248,86056,246597,415093,563340,662413,719542,731836,700017,611068,446912,169219,28203,0,0,0,0,0
2025-04-12,동해 바이오 연료저장고 지붕태양광,0,0,0,0,0,0,22418,99796,219840,288540,353624,437511,355071,271907,198868,146078,83886,36881,10847,0,0,0,0,0
2025-04-13,동해 바이오 연료저장고 지붕태양광,0,0,0,0,0,0,723,39774,271184,504041,540922,611792,490301,569125,643611,609622,353624,158372,8678,0,0,0,0,0
2025-04-14,동해 바이오 연료저장고 지붕태양광,0,0,0,0,0,0,26034,103412,175727,330483,180789,136677,276246,278416,192360,342777,357240,44836,7232,0,0,0,0,0
2025-04-15,동해 바이오 연료저장고 지붕태양광,0,0,0,0,0,0,23141,99073,270461,443296,568402,689893,739067,746299,716649,592989,398460,182959,32542,0,0,0,0,0
2025-04-16,동해 바이오 연료저장고 지붕태양광,0,0,0,0,0,0,26757,104135,237196,388336,509103,632763,687000,670367,668198,543815,323252,140293,34712,0,0,0,0,0
2025-04-17,동해 바이오 연료저장고 지붕태양광,0,0,0,0,0,0,16633,74485,164157,344223,500425,600221,570572,568402,452697,465714,344946,188744,35435,0,0,0,0,0
2025-04-18,동해 바이오 연료저장고 지붕태양광,0,0,0,0,0,0,31819,99073,224179,350732,512719,618300,624085,615407,605283,502595,343500,118598,24587,0,0,0,0,0
2025-04-19,동해 바이오 연료저장고 지붕태양광,0,0,0,0,0,0,17356,93287,176451,334822,513442,648673,541645,479454,444019,504764,230687,108474,12294,0,0,0,0,0
2025-04-20,동해 바이오 연료저장고 지붕태양광,0,0,0,0,0,0,10847,80271,136677,208993,306619,530075,582142,600221,544538,429556,231411,107027,33265,0,0,0,0,0
2025-04-21,동해 바이오 연료저장고 지붕태양광,0,0,0,0,0,0,34712,121491,274800,436064,570572,670367,719542,731836,697124,601667,450527,206823,42666,0,0,0,0,0
2025-04-22,동해 바이오 연료저장고 지붕태양광,0,0,0,0,0,0,8678,22418,41943,96180,155479,258167,159818,97626,128722,69423,52791,29649,1446,0,0,0,0,0
2025-04-23,동해 바이오 연료저장고 지붕태양광,0,0,0,0,0,0,22418,81717,52791,141016,198868,332653,376042,359409,444019,442573,431002,213332,60022,0,0,0,0,0
2025-04-24,동해 바이오 연료저장고 지붕태양광,0,0,0,0,0,2169,62915,149694,258167,379658,514888,640718,616854,579973,579249,581419,478731,266122,60745,1446,0,0,0,0
2025-04-25,동해 바이오 연료저장고 지붕태양광,0,0,0,0,0,723,37604,127999,292156,441126,568402,680492,733282,730389,694232,603114,436787,206823,45559,0,0,0,0,0
2025-04-26,동해 바이오 연료저장고 지붕태양광,0,0,0,0,0,1446,33988,135231,280585,449081,570572,676153,726051,733282,694955,602391,458482,216947,45559,0,0,0,0,0
2025-04-27,동해 바이오 연료저장고 지붕태양광,0,0,0,0,0,723,13017,37604,73762,80994,128722,2169,0,0,399906,505487,308788,138123,33265,0,0,0,0,0
2025-04-28,동해 바이오 연료저장고 지붕태양광,0,0,0,0,0,1446,36881,132338,291433,454866,579249,681938,737621,734005,506211,377488,427386,232857,47005,723,0,0,0,0
2025-04-29,동해 바이오 연료저장고 지붕태양광,0,0,0,0,0,2893,40497,131615,295772,456313,593713,688446,728943,735452,695678,613238,467160,223456,49898,0,0,0,0,0
2025-04-30,동해 바이오 연료저장고 지붕태양광,0,0,0,0,0,2169,44113,142462,282755,446912,567679,652288,669644,665305,553216,496809,452697,224902,52067,723,0,0,0,0
2025-05-01,동해 바이오 연료저장고 지붕태양광,0,0,0,0,0,2169,41943,170665,280585,394121,402076,307342,321805,166326,135954,133784,49175,23141,2169,0,0,0,0,0
2025-05-02,동해 바이오 연료저장고 지붕태양광,0,0,0,0,0,2169,39051,134507,310958,472222,530798,704356,752807,728943,598052,514165,471499,242258,54237,723,0,0,0,0
2025-05-03,동해 바이오 연료저장고 지붕태양광,0,0,0,0,0,0,2893,41220,26757,17356,23141,86056,220563,284201,760039,245151,280585,238642,51344,1446,0,0,0,0
2025-05-04,동해 바이오 연료저장고 지붕태양광,0,0,0,0,0,2893,43389,140293,316020,477284,535860,557555,734728,751361,711587,619023,480900,261060,60022,1446,0,0,0,0
2025-05-05,동해 바이오 연료저장고 지붕태양광,0,0,0,0,0,3616,57129,160541,229964,310235,369534,515612,490301,297218,240812,107027,60745,20972,5785,0,0,0,0,0
2025-05-06,동해 바이오 연료저장고 지붕태양광,0,0,0,0,0,1446,52791,147524,248766,277693,429556,491747,432448,449804,272631,193083,222733,95457,19525,723,0,0,0,0
2025-05-07,동해 바이오 연료저장고 지붕태양광,0,0,0,0,0,4339,49898,157648,307342,473668,575634,698571,691339,741237,572741,619746,414369,124383,54237,1446,0,0,0,0
2025-05-08,동해 바이오 연료저장고 지붕태양광,0,0,0,0,0,6508,48452,144632,306619,466437,556832,598775,697847,709418,661689,546707,399183,169942,44836,723,0,0,0,0
2025-05-09,동해 바이오 연료저장고 지붕태양광,0,0,0,0,0,0,17356,49898,58576,122214,111366,68700,57853,46282,52067,47728,18802,6508,1446,0,0,0,0,0
2025-05-10,동해 바이오 연료저장고 지붕태양광,0,0,0,0,0,2893,67977,175727,341331,504764,635656,505487,438234,430279,104135,58576,48452,42666,17356,0,0,0,0,0
2025-05-11,동해 바이오 연료저장고 지붕태양광,0,0,0,0,0,7955,72316,154756,276969,408584,560447,298664,200315,212608,321082,244427,158372,126553,64361,1446,0,0,0,0
2025-05-12,동해 바이오 연료저장고 지붕태양광,0,0,0,0,0,6508,52791,148971,315297,465714,587204,668198,696401,707248,684107,606006,470776,273354,66531,2169,0,0,0,0
2025-05-13,동해 바이오 연료저장고 지붕태양광,0,0,0,0,0,13017,79547,114982,130168,227795,322528,584312,655181,674706,643611,460652,203207,130168,44836,0,0,0,0,0
2025-05-14,동해 바이오 연료저장고 지붕태양광,0,0,0,0,0,7232,52791,150417,312404,462098,592266,679045,715203,702909,651565,542368,302280,225625,46282,1446,0,0,0,0
2025-05-15,동해 바이오 연료저장고 지붕태양광,0,0,0,0,0,0,0,9401,26034,169219,243704,540199,622639,553216,442573,491747,287094,213332,47728,2169,0,0,0,0
2025-05-16,동해 바이오 연료저장고 지붕태양광,0,0,0,0,0,7232,67977,171388,250936,310235,326144,449804,397014,334822,188744,70869,44113,23864,3616,0,0,0,0,0
2025-05-17,동해 바이오 연료저장고 지붕태양광,0,0,0,0,0,9401,68700,154033,325421,419432,595882,611792,722435,684831,650842,585758,384720,239365,91118,3616,0,0,0,0
2025-05-18,동해 바이오 연료저장고 지붕태양광,0,0,0,0,0,5785,62192,163434,291433,435341,516335,525736,669644,739067,701463,478007,491747,300111,90395,5062,0,0,0,0
2025-05-19,동해 바이오 연료저장고 지붕태양광,0,0,0,0,0,2169,15909,77378,203207,479454,557555,330483,483069,741960,705802,571295,423771,256721,71593,2169,0,0,0,0
2025-05-20,동해 바이오 연료저장고 지붕태양광,0,0,0,0,0,8678,65807,151140,303726,441126,556832,634209,667475,654458,630594,543815,415093,232134,69423,4339,0,0,0,0
2025-05-21,동해 바이오 연료저장고 지붕태양광,0,0,0,0,0,10847,58576,156202,292879,407138,544538,664582,687723,466437,194529,227795,230687,161264,58576,3616,0,0,0,0
2025-05-22,동해 바이오 연료저장고 지붕태양광,0,0,0,0,0,0,2893,7232,39051,126553,253105,436787,650119,746299,687000,605283,471499,279862,83886,5785,0,0,0,0
2025-05-23,동해 바이오 연료저장고 지붕태양광,0,0,0,0,0,10124,75208,182236,308065,357963,255275,220563,360133,391952,281308,289986,139569,75932,15909,0,0,0,0,0
2025-05-24,동해 바이오 연료저장고 지붕태양광,0,0,0,0,0,0,14463,60022,75932,117152,159818,204654,159095,99796,60022,77378,42666,39774,14463,723,0,0,0,0
2025-05-25,동해 바이오 연료저장고 지붕태양광,0,0,0,0,0,10124,57853,169219,329037,475838,595159,679768,731836,731113,644334,573464,476561,291433,88225,2169,0,0,0,0
2025-05-26,동해 바이오 연료저장고 지붕태양광,0,0,0,0,0,16633,62915,163434,316743,501872,596605,700740,714480,717373,626255,562617,488855,288540,88948,5785,0,0,0,0
2025-05-27,동해 바이오 연료저장고 지붕태양광,0,0,0,0,0,7955,60022,159095,312404,463544,576357,603837,584312,580696,623362,548877,408584,232857,75932,5785,0,0,0,0
2025-05-28,동해 바이오 연료저장고 지붕태양광,0,0,0,0,0,10124,65807,122937,211162,255998,369534,574911,654458,176451,58576,33988,79547,67254,29649,1446,0,0,0,0
2025-05-29,동해 바이오 연료저장고 지붕태양광,0,0,0,0,0,1446,11571,53514,133784,344223,533691,653012,697847,707972,681938,583588,375319,89672,26034,2169,0,0,0,0
2025-05-30,동해 바이오 연료저장고 지붕태양광,0,0,0,0,0,7955,47005,138123,324698,451974,550323,646503,687723,666752,628424,529352,433172,283478,85333,5785,0,0,0,0
2025-05-31,동해 바이오 연료저장고 지붕태양광,0,0,0,0,0,15186,84609,193083,318189,455589,556832,635656,671814,666752,513442,514165,336268,224902,70869,5785,0,0,0,0
2025-06-01,동해 바이오 연료저장고 지붕태양광,0,0,0,0,0,15186,71593,159095,318913,446188,545984,577803,464991,444742,582142,595882,457759,214055,71593,4339,0,0,0,0
2025-06-02,동해 바이오 연료저장고 지붕태양광,0,0,0,0,0,3616,29649,65084,110643,142462,139569,282032,183682,269738,164157,148971,91118,61468,25311,2893,0,0,0,0
2025-06-03,동해 바이오 연료저장고 지붕태양광,0,0,0,0,0,0,18079,109920,214778,302280,473668,657351,416539,575634,397014,579249,337715,274077,99073,7232,0,0,0,0
2025-06-04,동해 바이오 연료저장고 지붕태양광,0,0,0,0,0,11571,54237,162711,321082,460652,577080,650842,684107,386889,329760,280585,465714,120767,33988,6508,0,0,0,0
2025-06-05,동해 바이오 연료저장고 지붕태양광,0,0,0,0,0,10124,54237,164157,323975,464991,588651,674706,709418,714480,672537,566956,287094,211885,94011,5062,0,0,0,0
2025-06-06,동해 바이오 연료저장고 지붕태양광,0,0,0,0,0,18802,87502,172835,287817,452697,562617,643611,684107,663859,606006,506211,363025,262506,114259,14463,0,0,0,0
2025-06-07,동해 바이오 연료저장고 지붕태양광,0,0,0,0,0,18079,94734,184405,303003,434618,549600,604560,538753,401353,247320,205377,270461,228518,76655,13740,0,0,0,0
2025-06-08,동해 바이오 연료저장고 지붕태양광,0,0,0,0,0,17356,75208,180066,299387,443296,553939,643611,680492,670367,573464,509103,421601,279139,81717,5785,0,0,0,0
2025-06-09,동해 바이오 연료저장고 지붕태양광,0,0,0,0,0,10847,65084,152586,217671,360856,511996,665305,695678,694955,655904,566956,449804,302280,116428,9401,0,0,0,0
2025-06-10,동해 바이오 연료저장고 지붕태양광,0,0,0,0,0,20248,88948,160541,261060,344946,510549,588651,470053,487408,559724,386166,245874,189467,117152,11571,0,0,0,0
2025-06-11,동해 바이오 연료저장고 지붕태양광,0,0,0,0,0,7955,54237,157648,314574,453420,568402,647226,689169,702909,651565,592989,469329,287817,125829,12294,0,0,0,0
2025-06-12,동해 바이오 연료저장고 지붕태양광,0,0,0,0,0,14463,62915,156202,311681,447635,532967,623362,591543,595159,646503,587927,305173,216224,58576,5062,0,0,0,0
2025-06-13,동해 바이오 연료저장고 지붕태양광,0,0,0,0,0,9401,70869,136677,263229,251659,440403,621193,650119,504041,571295,491747,334099,109197,15186,0,0,0,0,0
2025-06-14,동해 바이오 연료저장고 지붕태양광,0,0,0,0,0,723,10847,20248,64361,86779,436064,567679,605283,710141,670367,601667,478731,316020,113536,10847,0,0,0,0
2025-06-15,동해 바이오 연료저장고 지붕태양광,0,0,0,0,0,5785,46282,114982,243704,381827,502595,598052,495363,313851,207546,143185,117875,50621,26034,3616,0,0,0,0
2025-06-16,동해 바이오 연료저장고 지붕태양광,0,0,0,0,0,0,3616,40497,112813,91118,86779,97626,107751,264676,608899,516335,338438,195976,80271,10124,0,0,0,0
2025-06-17,동해 바이오 연료저장고 지붕태양광,0,0,0,0,0,9401,62192,125829,114982,297218,495363,585035,572741,608176,564786,457759,339884,271184,91841,11571,0,0,0,0
2025-06-18,동해 바이오 연료저장고 지붕태양광,0,0,0,0,0,7955,54960,160541,314574,459205,559724,636379,676153,667475,650842,582142,462821,300111,112813,12294,0,0,0,0
2025-06-19,동해 바이오 연료저장고 지붕태양광,0,0,0,0,0,7955,64361,168496,244427,304449,553939,614684,660966,666028,608899,465714,206823,204654,70869,8678,0,0,0,0
2025-06-20,동해 바이오 연료저장고 지붕태양광,0,0,0,0,0,0,2169,22418,40497,61468,59299,72316,75208,101242,58576,52791,37604,15186,5785,0,0,0,0,0
2025-06-21,동해 바이오 연료저장고 지붕태양광,0,0,0,0,0,1446,5062,31096,74485,154033,128722,148247,94011,112813,95457,101242,80994,44836,26757,9401,0,0,0,0
2025-06-22,동해 바이오 연료저장고 지붕태양광,0,0,0,0,0,10124,52067,158372,295048,451251,568402,646503,655181,707248,672537,600944,470053,318913,125829,12294,0,0,0,0
2025-06-23,동해 바이오 연료저장고 지붕태양광,0,0,0,0,0,9401,52067,151863,266845,440403,528628,614684,692785,702186,672537,608176,501872,343500,132338,13017,0,0,0,0
2025-06-24,동해 바이오 연료저장고 지붕태양광,0,0,0,0,0,18802,77378,169219,301557,287817,348562,347839,240812,416539,297941,162711,133784,34712,21695,723,0,0,0,0
2025-06-25,동해 바이오 연료저장고 지붕태양광,0,0,0,0,0,0,11571,58576,96903,208993,206100,332653,376042,260337,128722,99796,78824,70146,48452,7955,0,0,0,0
2025-06-26,동해 바이오 연료저장고 지붕태양광,0,0,0,0,0,8678,61468,159818,293602,407861,478731,327591,367364,307342,423047,372426,228518,198145,130892,11571,0,0,0,0
2025-06-27,동해 바이오 연료저장고 지붕태양광,0,0,0,0,0,5785,36158,81717,185128,431725,604560,591543,584312,375319,332653,282755,116428,162711,80271,11571,0,0,0,0
2025-06-28,동해 바이오 연료저장고 지붕태양광,0,0,0,0,0,4339,29649,106304,179343,283478,352178,395567,318913,410754,530075,265399,138123,86056,23141,2893,0,0,0,0
2025-06-29,동해 바이오 연료저장고 지붕태양광,0,0,0,0,0,6508,44836,138846,285647,424494,542368,615407,608899,543092,619023,511273,464267,300111,98349,7955,0,0,0,0
2025-06-30,동해 바이오 연료저장고 지붕태양광,0,0,0,0,0,9401,41943,126553,290709,438957,553216,632763,670367,657351,684831,579249,276969,178620,56406,3616,0,0,0,0
